close_approach_datetime,distance_au,min_distance_au,max_distance_au,relative_velocity_kms,absolute_magnitude,estimated_diameter_km
2026-May-30 18:04,0.0769770819596235,0.0769758955226409,0.0769782683971313,9.69891907355942,24.76,
2026-May-30 18:30,0.0312585741193002,0.0312584282106692,0.031258720027949,5.66243653257991,23.65,
2026-May-30 19:05,0.0659545241655792,0.0654543391149921,0.0664547008133032,8.53656840818041,23.8,
2026-May-30 20:38,0.260042849309696,0.256281430627044,0.263807974611758,8.63384224797884,29.49,
2026-May-30 20:42,0.385498660011342,0.381225386051111,0.389857938311785,12.1107811755315,28.2,
2026-May-31 00:54,0.0448096872627734,0.0446708685135965,0.0449485040447261,7.21567467280493,25.82,
2026-May-31 01:31,0.0247142720030631,0.0246035696415842,0.0248249719083063,9.33287405999097,25.69,
2026-May-31 04:13,0.448313824380694,0.448312735944483,0.448314912817007,18.1393584180903,23.4,
2026-May-31 05:38,0.409717282429207,0.403926939698912,0.415507944981962,21.3673304026602,29.47,
2026-May-31 06:35,0.342072743832008,0.324604978685015,0.35954921183665,21.4596190868892,25.66,
2026-May-31 12:27,0.465362902536429,0.465347663673299,0.465378141403184,27.7654501618736,22.56,
2026-May-31 14:48,0.467940205333373,0.467846367638803,0.468034238707312,16.1869894544128,20.85,
2026-May-31 15:43,0.283524567819904,0.268948905763565,0.29811832653794,4.48028809478904,25.5,
2026-May-31 15:48,0.385391268478731,0.352841210683586,0.418463577411892,6.44015418623918,23.6,
2026-Jun-01 03:06,0.348594729274222,0.310433455105071,0.430903201622589,8.27451987590021,28.79,
2026-Jun-01 03:26,0.025979668117133,0.0258094384982883,0.0261498939258322,10.9346752713909,25.58,
2026-Jun-01 03:32,0.307129480899145,0.206230994312946,0.408027386084013,26.0220013746247,24.38,
2026-Jun-01 09:08,0.36188669895939,0.325136281095845,0.402146230155325,11.8923063257102,22.98,
2026-Jun-01 10:13,0.0409071080762483,0.0408368883045107,0.0409773273279163,7.77083126058936,24.24,
2026-Jun-01 10:29,0.264606384564748,0.25604455035598,0.273171430261768,5.44852134140784,27.1,
2026-Jun-01 11:35,0.0442348213686352,0.0438586926504989,0.0446109454592778,12.8669040271001,24.53,
2026-Jun-01 12:20,0.141822708263786,0.14169689181272,0.141948524472066,5.87511900163215,24.56,
2026-Jun-01 13:52,0.394069731289332,0.39281208630308,0.395499765069971,7.50347372539433,27.68,
2026-Jun-01 16:42,0.262756117527402,0.249157456667694,0.285808020989827,6.55152590126815,25.0,
2026-Jun-01 17:23,0.391206611862967,0.382090382193689,0.400323170017128,27.918755284143,23.62,
2026-Jun-01 23:35,0.0262269946063829,0.0261698892200047,0.0262840997251047,13.5201450604322,22.16,
2026-Jun-02 00:16,0.0121981697039762,0.0121460635507129,0.0122502729698914,8.41054593159332,26.404,
2026-Jun-02 02:32,0.389395823802561,0.38939452364341,0.38939712399073,14.2682462176442,20.68,
2026-Jun-02 04:32,0.370795571809836,0.369647877028169,0.371949090455391,13.2860452552736,28.3,
2026-Jun-02 06:32,0.169085563840901,0.119101505396964,0.21909094054638,18.4698977293566,24.24,
2026-Jun-02 08:47,0.291617707824145,0.291615595801958,0.291619819846581,14.7807055416366,23.95,
2026-Jun-02 09:46,0.39515307864113,0.388822734264081,0.404341372362576,2.9697953628946,22.46,
2026-Jun-02 18:15,0.341233344233795,0.341223690439094,0.341242998034858,11.8622601181487,22.78,
2026-Jun-02 18:53,0.437705003489933,0.340741889370141,0.538484395669967,15.6630725113818,20.06,
2026-Jun-02 19:08,0.376494387633918,0.376324461679699,0.376664321412833,17.620127806843,25.87,
2026-Jun-02 22:52,0.0042741343541292,0.0042617084797762,0.0042865583263911,5.30741316464612,26.24,
2026-Jun-02 23:16,0.499235447544803,0.499234605503237,0.49923628958688,22.5085098886237,24.7,
2026-Jun-02 23:26,0.466572932118408,0.466572854964645,0.466573009272224,14.603615925753,19.15,0.303
2026-Jun-02 23:40,0.14532700547761,0.114208302445592,0.218688035614621,10.5314509809531,24.7,
2026-Jun-03 00:28,0.399874094524492,0.396535690648685,0.403360943798331,13.6494068218914,26.19,
2026-Jun-03 02:52,0.149966442876667,0.149965873003574,0.14996701274976,18.3663403045202,20.58,
2026-Jun-03 06:26,0.161556712480914,0.161556334629588,0.161557090332249,20.5789446782593,21.01,
2026-Jun-03 06:52,0.0228794222034419,0.0147299498411153,0.0310385282076048,8.9136414888496,28.63,
2026-Jun-03 09:21,0.173109691962871,0.171708998673692,0.174510380401262,9.56016555212549,24.35,
2026-Jun-03 10:48,0.148185704922856,0.148185329591897,0.148186080253823,9.3167935587159,21.3,
2026-Jun-03 11:16,0.196628497983146,0.196627914870641,0.196629081096589,9.46857105799246,20.07,
2026-Jun-03 11:54,0.13376964037863,0.129859704063055,0.138334956985539,13.2480950594491,23.9,
2026-Jun-03 13:08,0.42507039134679,0.41938351286413,0.468846803222905,12.1049881031337,25.1,
2026-Jun-03 17:05,0.435787751726305,0.373197702239112,0.498615385533087,11.9809958403061,26.0,
2026-Jun-03 19:21,0.239489675099638,0.189824838565659,0.292286114475988,18.2473975952137,24.98,
2026-Jun-03 19:49,0.461710851854713,0.461710684333303,0.461711019376124,21.8163727590573,23.6,
2026-Jun-03 21:27,0.0741076027788417,0.0739786609885034,0.0742365442225141,9.40912607973647,23.15,
2026-Jun-04 01:26,0.463156527384868,0.446735435043713,0.479900333688933,14.6294458478107,22.66,
2026-Jun-04 01:28,0.252770379254925,0.23341838966349,0.273894157629155,10.2856955522557,27.1,
2026-Jun-04 03:57,0.0165818212704804,0.0165403677591357,0.0166232740392289,9.50844828034432,25.15,
2026-Jun-04 07:09,0.485069587862515,0.447030647855426,0.528340804218465,19.4571490242394,24.4,
2026-Jun-04 09:33,0.278788007488034,0.278661910768183,0.278914104222196,17.4527724544668,22.86,
2026-Jun-04 17:28,0.00879138011157,0.0087778021920025,0.0088049575528229,7.27953347349256,24.593,
2026-Jun-04 22:16,0.40423107142526,0.264565432809413,0.54389646960908,27.0077188257782,25.96,
2026-Jun-04 23:06,0.0242632499093972,0.0241015146940595,0.0244249840775534,19.7046037232787,24.119,
2026-Jun-05 03:24,0.376818581343899,0.370668668849981,0.383012545356234,3.39478703892933,24.0,
2026-Jun-05 04:34,0.0102875607320075,0.0102776998827102,0.0102974214860435,10.0965534781423,25.901,
2026-Jun-05 09:19,0.138163618991723,0.057895309615238,0.221853773551144,8.38670314678953,26.2,
2026-Jun-05 09:40,0.383646398787854,0.376968043010805,0.390386729899119,11.2872440927554,26.38,
2026-Jun-05 10:18,0.0042173261267191,0.0042131589604383,0.0042214932116286,11.3173900577988,26.2,
2026-Jun-05 10:55,0.258211893486769,0.217667237723214,0.299569708114016,15.1758185037456,24.55,
2026-Jun-05 14:38,0.0303877803587959,0.030287137142507,0.03048842168758,7.87986941838156,24.835,
2026-Jun-05 16:30,0.0106834618731427,0.010664263495215,0.0107026586286259,4.51321066335819,27.033,
2026-Jun-05 17:08,0.0094964407795962,0.0094868672195283,0.009506014105882,6.82723631652797,26.61,
2026-Jun-05 17:46,0.125796995144244,0.125796485076771,0.12579750521369,15.2105589922243,21.34,
2026-Jun-05 17:49,0.0889852586624539,0.088984865680006,0.0889856516449625,7.99355045656917,24.94,
2026-Jun-05 19:36,0.141410634704611,0.12918066202389,0.153645211806401,6.22484711745615,29.1,
2026-Jun-05 20:41,0.436432061784418,0.432570945380169,0.440301373422733,5.76534431296884,25.9,
2026-Jun-05 22:42,0.398699281358228,0.392902058043888,0.404543194462696,6.39888760826677,27.5,
2026-Jun-06 00:04,0.377661206016412,0.327421001799522,0.428114810595251,20.8332015140947,25.18,
2026-Jun-06 06:51,0.395030434374278,0.394562434378729,0.395498464123958,6.05911861976657,24.71,
2026-Jun-06 07:49,0.0037735487135939,0.0037676873155797,0.0037794098908187,10.7001552095242,25.51,
2026-Jun-06 08:36,0.112267909846448,0.11226689134767,0.112268928367542,17.3402140504535,21.62,
2026-Jun-06 11:33,0.0565305280071221,0.0561994967707323,0.056861549260224,6.01657962420301,24.086,
2026-Jun-06 13:12,0.0437653238971348,0.0433952215022222,0.0441354222870004,13.6612881272571,25.162,
2026-Jun-06 16:56,0.416582507907375,0.416581860879306,0.416583154935467,16.0783776860916,25.6,
2026-Jun-06 20:30,0.0997713286471965,0.0997710760432833,0.0997715812513421,14.4751730433714,19.47,
2026-Jun-06 20:47,0.0140086680051228,0.0139771497923391,0.0140401853705009,7.91829336782443,27.775,
2026-Jun-06 21:18,0.262726448452776,0.262716282457087,0.262736614463086,12.176331492195,25.33,
2026-Jun-06 21:25,0.097233192439458,0.0971264019414608,0.097339982897174,17.693115721465,23.13,
2026-Jun-07 05:49,0.401996760560739,0.400320190073931,0.403674254828709,5.46962461875948,26.2,
2026-Jun-07 08:14,0.157844895748543,0.157843413863328,0.157846377638971,21.89006949545,21.22,
2026-Jun-07 09:13,0.0249452351738794,0.0247616395466147,0.025128832239198,12.2586728994551,25.169,
2026-Jun-07 09:32,0.120228503337363,0.064935006722805,0.252381121861425,19.1970385769188,23.5,
2026-Jun-07 09:38,0.0005513581384929,0.0005511163143694,0.000551599944568,8.0725638240654,28.832,
2026-Jun-07 09:43,0.10093892171342,0.100937983963691,0.100939859472137,7.33331763972196,22.59,
2026-Jun-07 11:12,0.346864803793682,0.346829696275561,0.346899911432116,30.3417279946879,22.05,
2026-Jun-07 12:44,0.0794021078765091,0.0793870729596285,0.0794171427922162,7.61404314991631,23.89,
2026-Jun-07 12:56,0.269370296606192,0.243928088499594,0.294868757548175,12.3795432109361,27.77,
2026-Jun-07 14:05,0.041895690346801,0.0388079820043577,0.0450817126606901,3.0944487126551,27.5,
2026-Jun-07 16:19,0.131508108325932,0.131408577202058,0.131607655978201,5.97221023659169,25.65,
2026-Jun-07 20:06,0.4802618820491,0.476825774215894,0.483700430067204,10.2016594239037,26.06,
2026-Jun-07 23:15,0.0121882815419535,0.0121306321890404,0.0122459301295404,17.6705395569637,25.678,
2026-Jun-08 00:56,0.28982552985188,0.277000521609865,0.303972708319971,6.99332189755073,22.93,
2026-Jun-08 03:54,0.0040036243004158,0.0039979488185945,0.0040092996754354,14.3207792683642,26.877,
2026-Jun-08 07:17,0.124706737431121,0.124016966136413,0.125396506138797,11.0380471018251,22.44,
2026-Jun-08 13:38,0.121188764406025,0.121188478450964,0.121189050361114,7.47071468674701,20.78,
2026-Jun-08 13:42,0.227408383393583,0.211202462153953,0.243721826487461,11.7377387606952,23.93,
2026-Jun-08 14:46,0.0960112515393489,0.0817922889986124,0.110249011803988,5.8793349078879,26.97,
2026-Jun-08 15:34,0.346056353045191,0.33674181369183,0.355376060515204,15.6612264483646,23.0,
2026-Jun-08 21:42,0.0093214091774387,0.0092781700641774,0.0093646474532217,16.5968723580037,25.679,
2026-Jun-08 22:18,0.0114039027262323,0.0113837023471364,0.011424102611487,8.26047389691287,27.609,
2026-Jun-09 03:05,0.217841094243099,0.198641630617393,0.244543602898697,9.43057004849878,25.27,
2026-Jun-09 05:08,0.0157040854736728,0.0156814363298709,0.0157267343249401,8.72571580768299,25.03,
2026-Jun-09 05:23,0.0076361401517214,0.0076032400074129,0.0076690380188639,9.31702599530216,24.13,
2026-Jun-09 06:09,0.0219503598642786,0.021858530731399,0.0220421919616706,13.4025650963951,25.165,
2026-Jun-09 12:03,0.184592155463894,0.18458124463354,0.184603066339273,5.0701678377309,24.1,
2026-Jun-09 16:40,0.0353251198041052,0.034940457749706,0.0357097775596643,17.1533692882132,25.042,
2026-Jun-09 17:38,0.0396450486442758,0.0394495116507986,0.0398405815857596,8.00750472651331,24.818,
2026-Jun-09 21:27,0.482651667072019,0.425389225820999,0.539976745028089,21.8817299532198,25.17,
2026-Jun-09 23:14,0.447520554849364,0.419864189139833,0.477756603595513,7.01845782649034,26.9,
2026-Jun-10 02:26,0.121923539675333,0.121922972210054,0.121924107143419,12.0403906050067,22.44,
2026-Jun-10 03:26,0.0913065101634038,0.090195212792057,0.0924185380217911,6.29353385792091,25.18,
2026-Jun-10 04:11,0.193253844496755,0.193253468289925,0.193254220704178,13.7867785554783,20.65,
2026-Jun-10 05:02,0.165821202631385,0.165400975870205,0.166241425984473,4.30376520771229,28.31,
2026-Jun-10 07:29,0.135776501796492,0.130533400619649,0.141031967205652,16.8531970421188,27.12,
2026-Jun-10 10:01,0.001879031780303,0.0018784096596858,0.0018796538052295,3.65434595352479,29.771,
2026-Jun-10 12:00,0.431729708566672,0.422667241198444,0.440793283526466,18.4911309239555,31.7,
2026-Jun-10 12:43,0.441816442004822,0.43939178701008,0.444266887768121,13.9976949257387,23.18,
2026-Jun-10 15:41,0.247831766550886,0.246367473983113,0.249309389412799,7.49989367907958,27.4,
2026-Jun-10 18:50,0.477251030777155,0.477164473421292,0.4773375881414,16.9897665964321,27.2,
2026-Jun-10 20:20,0.143086881488979,0.143086483425407,0.143087279558171,13.1675508994977,23.95,
2026-Jun-10 21:59,0.281219261819022,0.281217102666716,0.281221420971328,8.97435833659067,25.25,
2026-Jun-10 22:37,0.290539837168895,0.283025920241606,0.302687037897895,29.1981986175816,23.9,
2026-Jun-11 02:03,0.202887038509298,0.145316121869676,0.265134520275414,12.0947170802097,26.0,
2026-Jun-11 03:40,0.194389032885331,0.19438860499276,0.194389460779283,8.98736253967122,21.49,
2026-Jun-11 06:48,0.15341738881874,0.152949002077811,0.153903146237921,6.37726710879874,26.87,
2026-Jun-11 07:51,0.1131318428004,0.113131139667417,0.113132545933383,14.3020416831162,21.83,
2026-Jun-11 09:58,0.463717538612827,0.461460365375244,0.465975244652933,16.4590492854382,26.26,
2026-Jun-11 11:32,0.265189908020733,0.185293915033205,0.350430793159756,20.0113135913049,27.92,
2026-Jun-11 12:20,0.154183652638679,0.125588039708591,0.193634239047744,10.6855867451845,24.55,
2026-Jun-11 22:58,0.354556516573527,0.3545537396292,0.354559293517996,18.1590490686372,23.25,
2026-Jun-12 00:19,0.192489009957139,0.192487188229411,0.192490831816573,10.5470119714223,22.19,
2026-Jun-12 01:27,0.263951450714372,0.240262857124129,0.288199799837013,1.40215357168705,25.8,
2026-Jun-12 04:44,0.473143055237046,0.470241064798847,0.476228054778836,8.00288231335451,24.7,
2026-Jun-12 08:10,0.114958091723888,0.111820038260029,0.118390760606188,16.7361520487404,23.93,
2026-Jun-12 14:20,0.051106348927671,0.0385195857583524,0.0649292686251889,11.0791585948225,27.4,
2026-Jun-12 16:28,0.0506265586511522,0.0502902381273004,0.050962874483285,9.95115973133624,24.88,
2026-Jun-12 17:23,0.234922678086882,0.234039049448781,0.235807495478772,15.8020573724631,27.63,
2026-Jun-12 18:59,0.0411469160932549,0.0411467410293874,0.0411470911571247,14.5695301380233,21.85,
2026-Jun-12 19:50,0.13020722131428,0.128030157535788,0.132384263229567,10.1843791901358,23.314,
2026-Jun-12 21:43,0.0059881357159662,0.0059833510286283,0.0059929202032691,5.83756033208218,27.872,
2026-Jun-12 22:12,0.112264129329947,0.112264072710123,0.112264185949802,7.48453180687768,20.44,
2026-Jun-12 22:50,0.131353103915456,0.131352621638681,0.131353586192881,10.2257924696324,21.81,
2026-Jun-12 23:24,0.468648445230413,0.468644937808037,0.468651952652816,35.3166775389402,22.39,
