Age,Monthly_Income,Years_at_Company,Work_Life_Balance,Job_Satisfaction,Overtime,Average_Hours_Worked_Per_Week,Absenteeism,Attrition
58,15488,15,1,3,0,54,17,0
48,13079,6,2,1,1,45,1,0
34,13744,24,3,2,1,34,2,0
27,6809,10,3,5,0,48,18,0
40,10206,29,2,5,0,33,0,0
58,16746,15,4,2,0,35,9,0
38,18995,29,4,5,0,55,13,0
42,19035,4,3,2,0,46,12,0
30,14671,18,4,1,1,36,8,0
30,16210,18,3,1,0,53,5,0
43,8197,25,3,1,1,52,5,1
55,18553,17,2,2,0,36,18,0
59,10452,12,4,2,0,38,9,0
43,11718,7,2,4,1,42,2,0
22,17859,16,3,5,0,49,17,0
41,5172,11,3,5,1,43,18,0
21,16158,14,3,4,1,45,4,0
43,19663,3,1,4,1,52,10,0
49,14085,19,1,1,0,38,9,0
57,6981,18,1,4,0,44,16,0
21,8247,10,2,2,0,34,3,0
40,13553,6,3,3,0,47,17,0
52,9135,13,4,2,0,50,17,0
31,8573,10,2,4,0,49,0,1
41,16731,18,2,5,1,37,13,0
44,10189,26,2,2,0,44,7,0
46,17541,20,4,5,0,50,1,1
47,13878,26,3,2,0,54,18,1
35,14087,16,1,5,0,38,14,0
34,16667,25,3,2,1,48,1,0
22,5776,25,3,5,1,58,3,0
56,12311,6,2,3,1,55,0,1
26,10697,13,2,1,1,51,18,0
40,17629,4,2,2,1,35,9,0
28,11386,23,1,3,0,33,0,0
58,11044,14,1,1,1,40,19,0
37,12615,1,1,2,1,58,14,1
23,18034,28,3,3,0,39,3,0
44,8060,20,2,3,0,32,6,1
33,13900,5,4,3,1,30,6,0
28,8581,8,3,4,0,41,17,0
45,5014,12,1,5,0,52,12,0
21,15997,2,4,1,1,44,9,0
39,13635,12,4,5,0,44,7,0
47,16648,5,2,5,1,50,9,0
26,10148,22,4,5,1,43,13,0
27,17022,5,1,3,0,55,13,0
54,8919,13,2,5,1,36,19,0
33,18886,9,4,4,1,46,10,1
36,9638,10,2,2,0,53,5,1
55,7651,1,4,3,0,48,0,0
59,3609,3,3,1,0,36,18,1
23,10940,18,3,2,0,57,6,0
21,13348,12,1,2,1,32,17,1
25,6866,29,3,2,0,59,2,0
23,19755,3,3,5,0,32,19,0
48,19999,26,3,5,1,55,10,1
37,5253,25,4,3,1,54,4,0
45,7942,29,4,5,1,58,18,0
53,15330,9,2,5,1,47,1,0
29,3864,26,4,5,0,59,3,0
55,4268,2,3,3,0,49,9,0
33,10454,3,4,3,1,51,1,1
50,16666,14,1,4,1,43,7,1
34,15370,4,2,4,1,32,0,1
27,8229,25,2,4,1,57,5,0
33,19309,19,4,4,0,55,10,0
42,7054,13,3,2,1,59,9,1
59,3935,7,2,2,0,55,12,0
40,15172,12,1,4,1,36,0,0
35,13530,3,1,4,0,36,1,0
37,18560,23,2,1,0,34,2,0
43,19156,23,3,2,0,32,8,0
45,19709,9,3,1,0,47,4,0
44,12726,2,4,1,1,44,9,0
48,10774,29,4,5,0,49,9,0
34,4985,22,2,3,1,43,11,0
20,17252,9,4,2,0,58,17,0
44,7603,12,4,4,0,33,0,0
26,18960,12,4,4,1,56,2,0
28,12462,15,1,3,1,53,4,0
43,17166,2,4,2,0,37,16,0
20,10754,18,2,4,0,58,7,0
27,17246,13,3,4,1,50,16,0
43,7078,14,4,5,0,42,8,0
30,15853,5,3,1,1,51,5,0
36,7042,26,4,4,1,37,16,0
27,19284,10,2,2,1,44,7,0
54,17389,12,1,3,0,46,6,0
54,5575,10,2,5,0,34,6,0
52,9754,24,1,2,1,49,14,0
24,4986,11,4,5,1,33,6,0
58,18470,25,4,1,1,40,7,1
47,8968,2,1,4,1,47,8,0
26,10493,5,2,2,0,39,14,1
28,7103,7,2,3,1,46,1,0
27,5076,6,1,1,0,59,6,0
31,5994,22,4,1,1,44,14,0
53,6744,23,1,5,0,35,17,1
52,17466,3,4,1,0,52,17,0
42,17523,13,1,2,0,50,9,0
43,8594,3,4,5,0,45,17,1
56,10531,26,1,1,0,44,0,0
54,10371,25,3,3,1,37,6,0
59,17547,24,4,2,1,38,2,0
41,6144,21,2,3,0,40,13,0
46,16990,6,1,3,1,56,11,0
54,17083,11,2,5,1,31,13,0
20,19626,28,1,4,1,56,3,0
54,10954,26,2,5,1,42,12,0
56,10269,17,2,2,1,33,15,0
33,10130,10,1,2,1,56,15,1
22,9828,12,1,5,1,38,4,0
20,11844,17,2,4,0,34,19,0
24,17220,4,2,5,1,48,5,1
45,9331,2,2,2,1,51,5,0
33,16397,11,4,4,1,32,17,1
58,13291,7,4,2,0,59,5,0
46,13164,2,3,4,0,50,6,0
28,13450,26,4,4,1,32,15,0
34,5035,18,4,5,0,35,8,0
34,14463,21,1,5,0,57,12,0
45,10977,4,3,5,1,39,11,0
32,15182,8,3,4,0,34,18,0
51,3298,20,4,4,1,59,0,0
58,3923,14,1,2,0,54,7,0
51,16331,12,1,3,1,32,3,0
23,9578,22,3,5,0,51,18,1
49,7875,21,1,2,1,53,4,0
56,15254,27,2,2,1,36,16,0
42,13905,18,4,1,0,51,2,0
58,16353,11,2,5,1,59,18,0
34,18882,29,3,2,1,47,0,0
48,12663,28,3,1,0,52,0,0
55,3941,8,1,5,1,37,19,0
32,4907,2,1,4,1,30,8,0
51,7837,25,3,1,0,54,4,0
26,16680,15,3,4,1,33,6,0
41,8696,9,2,3,0,53,5,0
47,19226,19,2,3,1,55,16,0
21,16543,20,1,3,0,36,16,1
25,15615,8,2,3,0,43,12,0
47,4466,25,1,2,1,42,11,0
47,3375,19,1,3,0,39,3,1
39,3262,5,4,2,1,52,7,0
49,14580,11,1,2,1,47,4,0
30,13136,15,2,5,0,30,4,0
47,10833,8,3,2,1,33,12,1
44,4893,19,3,2,1,57,10,0
58,11106,23,2,3,0,45,7,0
52,14826,27,3,2,1,45,7,0
20,4652,8,1,4,1,47,0,0
46,3599,26,3,3,0,37,12,0
32,11792,27,2,1,1,39,4,0
22,6637,19,3,3,1,45,7,0
58,13355,18,1,2,0,52,16,0
25,18989,10,1,4,1,53,12,0
27,12290,29,2,3,1,40,8,1
46,8599,7,2,4,0,35,1,0
28,17342,28,2,1,1,30,18,1
56,16945,9,4,1,1,59,19,0
52,13762,1,4,5,0,58,16,0
43,17312,19,1,5,0,58,6,1
34,10382,5,4,3,1,41,2,0
51,11982,19,4,5,1,54,18,0
51,10707,1,3,4,0,35,18,0
43,7633,15,4,5,1,57,8,1
31,12269,16,3,4,1,42,9,0
58,16778,23,2,5,1,55,13,1
21,10008,7,3,5,0,46,17,0
22,18523,26,3,5,1,30,14,0
56,6618,12,2,2,1,37,0,0
36,3272,8,2,2,0,51,5,1
21,16007,5,1,5,0,37,14,0
21,5547,10,1,4,0,53,5,0
47,6164,28,1,3,1,40,17,0
42,17414,21,1,1,1,43,0,1
56,17327,5,3,2,0,53,2,0
51,18576,17,3,5,1,39,16,1
52,3946,26,1,1,1,44,15,0
20,17693,5,4,2,1,36,7,0
38,19890,22,1,3,1,36,16,0
21,18540,15,4,4,0,39,7,0
45,9719,13,2,5,0,33,16,0
51,11435,28,3,3,1,54,8,0
25,14350,1,3,2,0,57,11,0
51,6590,11,4,5,1,47,18,0
23,13064,23,1,1,1,56,3,0
30,3390,1,3,4,0,54,10,0
36,15668,11,4,2,0,39,3,1
57,14569,18,2,4,1,48,13,0
43,16029,18,2,5,1,43,13,1
24,16107,21,3,3,1,42,5,0
53,5560,26,1,4,1,44,16,0
25,8867,16,4,1,0,45,1,0
41,18284,13,3,2,0,31,7,0
30,4211,7,2,1,1,58,3,0
35,12121,1,1,4,1,33,9,1
52,4539,26,4,3,0,50,6,0
28,11693,16,3,3,1,47,3,0
25,11921,1,4,1,0,58,15,0
35,13310,17,1,5,1,46,13,1
48,15744,6,1,5,0,39,15,0
22,7386,2,2,3,1,56,8,0
39,15242,17,1,1,1,50,3,0
55,17257,6,3,1,1,38,5,0
38,11947,14,4,1,0,44,0,1
45,16946,18,1,4,0,57,6,0
22,8930,6,1,5,1,41,0,0
38,8402,10,3,5,1,50,18,0
39,19017,24,4,4,1,57,7,1
51,3507,18,4,2,1,56,2,0
26,4436,27,2,4,0,55,0,0
52,14618,9,2,1,0,38,0,0
59,11750,8,4,4,0,43,6,0
58,19122,28,3,1,1,42,12,1
37,10354,10,3,3,1,57,0,0
59,14294,17,2,1,0,55,15,0
20,16840,23,1,5,1,35,13,0
30,7399,29,3,4,0,48,3,0
47,8037,26,1,1,0,33,11,0
44,18848,6,3,2,0,49,11,0
42,6715,14,4,3,0,46,16,0
50,17877,22,2,2,1,48,14,0
49,10837,22,1,2,0,32,9,0
54,4301,6,1,2,1,58,2,0
26,10370,26,4,3,0,43,19,0
35,9411,7,3,3,0,46,19,0
45,9365,12,1,3,0,42,11,0
21,18449,3,3,3,0,38,0,0
20,3692,14,4,2,1,56,0,1
31,4478,22,2,5,1,30,9,0
24,9396,19,1,5,1,54,17,1
56,11448,23,3,3,1,46,14,0
51,13622,16,1,4,0,45,1,0
28,19825,7,3,1,1,47,16,0
54,13073,8,3,4,1,31,7,1
38,5646,18,3,4,0,43,8,0
35,8209,25,4,4,1,51,19,0
22,9533,13,2,5,1,52,10,0
39,10211,21,1,1,1,56,5,0
43,12927,9,2,4,1,46,13,1
52,14927,10,3,3,0,32,0,0
43,12316,21,3,5,0,31,6,0
30,15177,23,2,3,1,37,8,0
27,13846,27,2,3,0,54,10,0
55,10933,9,1,4,1,58,15,0
57,8476,15,3,3,1,31,18,0
59,16853,20,2,1,1,31,1,0
39,10928,2,4,3,0,55,14,0
54,5080,25,3,4,0,38,2,0
44,9089,13,3,3,0,59,3,0
54,10797,2,1,5,0,49,19,0
44,11346,19,4,5,0,50,6,0
48,3904,26,1,5,0,58,11,0
37,19788,2,4,2,1,56,3,0
37,12974,3,1,5,0,54,9,0
21,4184,6,4,5,1,35,5,0
54,4725,3,4,2,1,55,13,0
35,14380,10,4,5,0,41,2,0
55,16057,24,2,4,1,54,16,0
52,8606,27,3,5,1,38,10,0
23,6956,6,4,5,1,36,9,0
52,19555,23,2,2,0,59,9,1
33,19081,16,2,4,0,41,9,0
40,3421,17,1,3,1,55,2,1
39,8540,19,3,1,0,54,14,0
27,19288,3,3,4,1,34,16,0
26,18966,18,1,3,0,45,17,1
22,18882,7,3,4,1,34,18,0
36,7675,9,1,3,1,41,18,0
52,12082,20,2,3,0,53,11,0
31,16009,12,2,4,0,55,4,0
41,9748,5,4,2,0,49,15,0
41,9103,3,1,4,0,38,14,0
49,14348,11,2,4,0,52,14,0
57,12782,25,2,3,1,36,5,0
57,8882,4,1,1,1,58,11,0
27,8798,5,2,3,1,48,1,0
46,12627,1,3,5,0,49,19,0
46,11415,27,2,4,0,52,8,0
53,15466,28,1,4,1,40,3,0
40,12846,29,3,2,1,56,4,0
49,15720,18,3,3,1,59,7,0
52,12145,12,2,2,1,50,9,1
47,7524,13,4,4,0,41,6,0
52,9559,9,3,3,1,32,13,0
24,10620,2,1,3,0,46,4,0
38,6124,5,4,5,1,36,15,0
23,11671,13,4,5,0,51,14,1
54,14706,16,3,1,0,39,4,1
36,15070,16,2,5,0,52,2,0
47,11134,24,4,3,0,44,9,0
49,3924,3,2,5,1,59,4,0
48,8506,22,3,1,1,31,14,0
25,16650,4,1,4,1,42,17,0
54,5395,11,4,5,0,57,7,0
56,18310,23,1,3,1,33,1,0
43,11226,26,2,4,1,47,7,0
48,14781,14,2,3,1,53,7,0
50,8515,29,1,4,0,52,3,1
54,6365,3,3,3,0,30,18,0
52,19972,16,3,5,0,31,17,0
40,14410,22,4,5,1,31,0,0
51,12095,15,4,1,1,33,19,0
42,13361,28,3,4,1,32,14,0
52,11531,10,3,1,0,46,17,1
22,7270,9,1,2,1,57,11,1
37,12906,11,2,5,0,43,0,0
44,19940,16,2,4,0,31,6,0
50,14279,10,4,1,0,45,18,0
22,8452,17,3,1,0,40,0,0
59,9477,19,1,2,1,54,6,0
43,9470,2,4,1,1,42,1,0
51,5062,24,1,3,0,30,6,0
41,12030,23,3,5,1,54,18,1
42,4813,2,3,1,0,52,12,1
21,14671,6,3,1,1,31,4,0
46,17308,19,2,2,1,31,18,0
21,5313,8,3,3,0,50,0,0
45,12706,26,4,1,0,58,0,0
36,12837,29,2,5,0,34,17,0
59,8831,3,1,5,0,33,0,0
52,7056,26,4,1,1,41,4,0
28,3305,14,4,3,0,55,8,1
58,17347,25,1,5,1,55,11,1
48,4689,16,2,5,0,58,8,0
45,6917,1,4,3,1,57,17,0
54,5936,21,4,3,0,32,10,1
44,6862,3,4,1,1,49,0,1
43,17506,22,2,4,1,39,18,0
32,17318,26,2,2,1,49,9,0
26,18300,18,2,4,0,47,1,0
55,8649,9,4,4,0,50,6,1
39,18674,6,3,5,0,50,19,0
20,8560,23,1,3,0,50,1,0
27,18451,21,3,5,1,56,18,0
35,4079,25,2,2,1,56,5,0
33,16983,1,4,1,1,39,9,0
31,18327,21,4,2,0,30,8,0
42,15755,27,3,5,1,35,7,0
34,10235,10,3,5,1,40,10,0
47,5031,27,1,5,0,31,8,0
53,11514,6,4,5,0,36,19,0
21,12095,23,3,4,1,49,19,0
51,17287,12,1,1,0,50,8,0
42,8911,4,2,4,0,50,7,0
41,14695,28,3,5,0,50,14,0
44,6340,13,2,3,0,47,1,1
41,10876,17,1,4,1,50,0,1
41,18896,27,2,5,1,48,8,0
25,15435,8,4,5,1,33,8,0
34,4141,26,4,1,1,42,12,0
56,12281,20,2,2,1,47,7,0
52,5038,3,4,4,0,49,4,0
27,7270,12,1,4,1,58,2,0
24,13046,7,4,4,1,54,3,0
58,7683,12,2,5,0,53,16,1
23,19878,2,2,1,0,42,15,0
25,10116,24,2,5,0,59,15,0
51,4784,14,3,5,1,56,19,1
49,6786,22,2,3,0,57,2,0
54,12190,23,1,1,0,48,5,0
59,8428,5,4,4,0,46,0,0
35,9681,9,4,2,1,30,15,0
32,9893,21,3,4,0,35,14,1
49,15661,11,3,5,0,48,6,1
38,17892,5,1,1,1,49,1,0
36,12643,3,2,1,0,30,9,0
38,12943,27,3,1,1,37,14,0
47,13472,17,4,3,1,46,5,0
45,15992,2,3,4,0,50,1,0
56,14126,24,3,3,1,51,16,1
45,9869,1,2,2,0,44,0,0
42,10669,7,3,5,0,47,0,0
28,14538,14,1,3,0,36,3,0
31,13065,5,4,3,0,45,19,1
20,13171,19,2,5,1,36,15,0
20,5962,28,4,1,0,46,7,1
53,16851,28,1,5,0,33,0,0
51,15979,11,1,4,0,41,18,0
44,8296,23,3,5,1,42,10,1
59,17745,25,3,1,1,33,16,0
20,8730,2,3,5,0,50,9,0
35,16921,8,4,3,1,30,11,0
58,3126,9,1,2,1,30,8,0
24,8602,27,2,3,0,36,6,0
41,15581,3,3,2,0,38,11,0
48,18997,2,4,5,0,30,14,1
22,12211,7,3,4,0,45,7,0
31,17997,5,1,5,0,47,16,1
45,9671,21,2,1,1,51,4,0
35,15271,26,1,5,0,44,13,0
56,11876,5,4,2,0,35,1,1
41,5887,20,3,3,0,31,15,1
48,12654,13,1,4,0,38,16,0
33,7086,21,4,5,0,33,2,0
47,7180,29,3,5,1,42,0,0
24,5841,20,2,3,0,52,17,0
49,9040,29,1,4,1,51,17,0
24,13304,6,3,5,0,40,3,0
31,7758,20,3,5,0,42,14,0
35,19234,18,3,2,0,40,18,0
45,8014,25,3,2,1,48,18,1
45,4375,2,1,1,0,37,9,0
40,4181,25,3,3,0,36,4,0
58,3490,26,4,4,0,54,18,1
55,6729,6,1,5,0,45,10,1
52,8974,9,3,5,0,32,6,0
49,4882,25,1,1,0,46,4,0
56,5987,3,4,5,0,47,19,1
42,8585,1,4,3,1,57,11,1
29,6159,1,1,1,0,56,18,1
24,7530,19,3,3,0,44,14,0
55,4073,5,3,1,0,57,11,0
53,16743,13,4,5,1,46,3,0
50,5693,19,3,1,1,40,11,1
29,12562,12,4,2,0,34,17,0
38,7340,16,3,4,1,45,16,1
51,5156,25,4,5,0,44,18,0
20,19184,25,2,4,0,39,15,0
24,10966,19,3,5,1,43,10,0
23,5580,3,3,4,0,31,1,0
35,10257,12,3,2,1,45,15,1
43,5159,5,1,4,1,48,0,0
35,19172,2,3,1,1,37,16,0
21,16900,22,1,4,0,44,17,0
47,14440,7,1,5,0,39,12,0
51,17678,13,4,3,0,59,4,0
46,17436,25,1,4,0,34,5,0
39,15021,15,1,4,0,49,0,0
43,9772,22,2,4,0,45,9,0
31,4627,3,3,5,0,50,4,0
54,14664,28,1,4,1,55,0,1
52,11219,21,3,5,0,51,10,0
52,12713,20,1,5,0,41,6,0
56,11488,5,4,3,0,52,17,0
31,5181,24,2,1,1,59,19,0
22,14594,8,1,5,1,42,9,1
20,10164,22,3,2,1,38,14,0
52,3901,1,4,4,0,46,3,0
59,12290,8,3,2,1,49,15,0
29,5881,24,4,4,1,57,14,0
48,16058,18,2,3,0,41,14,0
32,8622,20,4,5,0,54,11,0
31,4378,28,3,1,0,34,7,0
50,8650,16,3,5,1,53,7,0
21,15433,18,1,4,0,41,17,0
54,12456,20,4,1,0,30,5,0
42,10036,12,3,5,0,49,4,0
36,9487,13,1,1,0,57,1,0
45,7248,13,2,4,0,45,11,1
27,7603,10,3,3,0,59,3,0
48,15632,7,1,3,1,41,12,0
45,3220,25,3,5,0,38,16,0
29,17226,14,4,2,1,42,15,1
45,7818,24,1,4,1,46,8,0
53,10349,16,4,5,0,46,0,0
26,8618,15,2,5,1,33,14,0
23,12856,12,4,3,1,43,11,0
30,7576,9,1,1,1,48,4,0
48,18207,8,3,4,0,36,17,0
55,4462,18,1,1,1,56,19,0
44,18905,23,4,4,1,32,1,0
40,19252,18,4,2,1,30,3,0
55,11236,13,3,3,1,41,14,0
29,10813,28,2,2,0,44,5,1
56,5068,27,1,5,0,40,11,1
28,8753,18,3,3,1,39,17,0
43,10237,15,3,5,0,31,19,0
54,17175,4,3,2,0,55,3,0
54,9191,17,1,4,1,58,0,0
55,17622,5,1,5,0,33,14,0
37,4001,22,1,1,0,46,17,0
58,17877,16,2,4,1,46,13,0
51,13232,9,3,4,1,57,2,0
43,7476,10,4,2,0,59,14,0
42,19862,24,4,2,0,37,4,0
51,3515,18,3,3,0,52,2,0
56,15478,17,4,3,0,43,6,1
31,4191,18,2,1,1,53,5,0
32,13860,7,2,4,1,58,0,1
42,16448,4,1,1,1,33,18,0
44,9297,26,1,1,1,35,6,0
54,19655,5,1,2,1,58,3,1
49,11334,28,1,1,0,48,11,0
36,9008,23,1,1,0,56,19,0
39,10987,16,4,5,1,58,17,0
44,6332,3,4,3,1,53,8,1
41,3787,26,1,3,1,33,18,0
32,9222,18,2,4,0,32,3,0
38,12873,29,4,3,0,49,0,0
55,6676,23,2,4,0,35,8,1
31,5572,21,2,5,1,56,14,0
38,9915,14,3,3,1,52,7,0
31,8033,15,3,5,1,36,14,0
28,10788,17,1,3,1,43,14,0
26,18689,1,2,3,1,41,17,0
47,14452,25,4,5,0,45,6,0
33,7712,21,3,1,1,49,17,0
50,3066,17,3,1,0,37,15,1
38,18855,23,2,1,0,52,1,1
35,15478,25,3,1,0,31,3,0
24,10533,11,3,3,0,42,19,1
54,18103,17,4,2,0,37,15,0
31,7616,26,2,5,1,54,2,1
44,16277,14,3,2,1,50,1,0
40,8730,29,2,2,1,49,2,0
55,13724,20,3,4,0,45,4,0
42,14772,19,4,1,0,33,1,0
35,19268,21,2,3,0,58,18,0
58,15940,7,3,1,0,45,19,0
58,19932,24,4,1,0,49,1,0
33,17643,13,3,2,0,35,1,0
50,3198,18,2,4,1,56,19,1
24,19955,23,3,1,0,33,17,0
54,12830,14,2,5,0,45,19,1
42,16798,1,2,5,1,52,13,1
48,14469,7,3,1,0,52,14,0
30,3178,8,4,2,1,50,11,0
37,3798,18,1,2,1,42,10,0
31,10601,9,4,3,1,34,10,0
28,5795,1,4,4,0,44,6,0
29,15496,29,3,2,1,55,11,0
36,7588,22,4,3,1,37,15,0
57,10297,17,4,5,0,36,4,0
26,6084,19,1,5,1,43,1,0
32,14110,27,4,5,0,36,15,0
59,3731,6,1,1,0,51,14,0
28,4129,3,3,4,1,36,10,0
46,4605,24,1,3,0,52,5,0
21,14970,5,2,4,0,55,12,0
24,13937,2,2,1,1,59,18,1
48,14362,20,1,3,1,47,9,0
56,5933,25,2,3,1,59,18,0
57,18187,4,3,2,1,39,4,0
38,8074,10,2,4,0,47,6,0
27,17037,10,1,4,1,43,10,0
20,10099,24,3,2,1,39,13,0
41,3893,21,2,5,1,36,15,0
36,4390,11,3,1,0,59,17,0
26,7239,27,1,4,0,55,3,1
44,6432,16,2,2,0,36,0,1
23,5371,26,3,3,0,36,14,0
55,4515,29,3,2,0,34,13,0
25,18906,29,2,5,1,30,18,0
50,9326,17,3,1,0,43,4,1
38,17605,16,3,5,0,47,3,0
58,8586,7,1,3,0,42,12,0
46,5917,16,1,3,1,54,17,0
29,18901,3,1,3,1,37,11,0
45,6793,26,1,3,0,37,14,0
38,12947,16,1,2,1,39,8,0
58,18859,8,1,3,0,46,3,0
22,4577,12,2,3,1,35,4,0
32,12488,3,1,2,1,44,8,0
47,12164,17,3,3,0,44,12,0
39,4030,21,2,5,1,54,9,0
47,18881,18,3,5,0,45,15,1
27,13785,11,1,4,0,37,12,0
58,9691,4,1,5,0,48,3,0
20,9358,16,3,1,1,49,12,0
22,4462,17,3,1,1,44,7,1
32,18511,9,3,1,0,32,12,0
47,13570,6,4,2,0,35,14,1
44,18897,24,4,5,1,59,19,0
52,14646,27,4,1,0,54,19,0
57,18474,20,4,4,1,37,12,0
25,10037,25,2,2,1,45,4,0
51,12499,2,1,4,1,44,5,0
40,16386,9,3,5,0,42,4,0
35,9221,28,1,3,0,55,12,0
40,10769,21,3,4,1,49,4,1
30,17356,29,1,3,0,44,12,0
56,10389,6,2,2,0,47,19,0
55,7922,3,4,4,1,42,7,0
54,16639,20,1,4,1,53,8,0
38,13003,6,3,2,0,37,18,0
39,8178,7,1,2,1,43,19,0
37,18240,1,2,1,0,57,14,0
33,6968,23,2,5,1,40,9,0
34,5716,1,1,4,1,35,10,0
50,19574,5,4,4,0,59,4,1
20,16511,6,3,2,0,53,8,0
22,11181,13,2,2,0,54,10,0
35,15995,2,2,5,0,58,18,0
42,14298,15,1,2,0,30,1,0
30,19762,15,2,3,1,54,5,0
31,9380,13,2,3,1,31,0,0
29,3615,26,3,3,0,59,2,0
51,3463,25,4,3,1,42,2,1
35,12158,14,3,5,0,30,13,0
27,6158,26,4,4,1,53,19,0
57,16434,22,3,3,1,53,4,0
31,7938,7,1,2,0,56,16,0
43,8417,14,2,3,0,33,14,1
47,11881,26,4,5,0,53,5,0
27,8603,24,1,2,1,52,13,0
47,5212,27,2,3,0,58,13,1
55,19766,29,2,4,0,31,16,0
45,14695,10,2,2,0,50,7,0
27,12775,17,3,2,0,59,7,0
47,17559,14,1,4,0,55,18,0
47,9146,8,1,2,0,49,8,0
56,3371,4,2,3,1,45,10,1
55,8565,26,4,2,1,32,12,1
46,11802,16,1,3,1,46,12,0
36,11307,24,3,4,1,34,18,0
28,10437,13,4,1,0,55,18,1
52,3446,22,4,4,0,37,4,0
39,4391,27,4,3,1,41,15,0
32,14516,25,4,5,1,54,8,1
47,18454,27,1,4,1,52,19,1
48,14891,20,2,5,0,41,2,0
32,17998,18,4,5,0,56,18,0
54,8969,14,3,3,0,30,4,1
25,12265,18,3,3,1,30,7,0
37,18861,5,2,1,1,44,13,1
24,8454,26,1,2,1,46,2,0
44,6150,9,2,4,1,31,12,0
21,18386,28,4,3,1,46,10,0
29,9414,3,1,4,0,49,7,0
49,7657,8,1,5,0,55,18,0
24,13486,20,4,2,0,38,9,1
52,17894,22,3,1,0,41,17,1
20,8480,10,4,4,0,33,17,0
37,11033,22,2,2,1,42,6,0
51,3983,19,4,1,0,33,15,0
30,11543,21,3,4,1,36,5,0
40,12916,28,4,2,0,43,15,0
45,13143,3,2,3,1,56,15,0
44,18581,11,2,4,1,38,0,0
41,4907,11,3,2,1,52,18,0
46,12216,17,2,1,1,30,2,0
32,11737,16,2,2,1,30,5,0
52,16757,7,4,3,1,49,3,0
53,7174,4,1,4,0,33,3,0
54,18708,23,2,4,1,30,3,0
20,12297,19,2,4,1,51,9,0
40,4990,12,3,3,0,39,8,0
25,8596,15,3,1,1,31,7,1
47,19374,11,4,4,0,56,18,0
36,6775,5,4,1,0,50,16,1
24,18706,5,2,2,1,53,16,0
50,17645,15,1,1,1,44,0,0
24,16668,29,1,1,0,32,19,0
57,18960,18,4,4,1,54,13,0
22,14357,11,3,5,0,52,19,1
42,7435,26,2,5,1,38,10,0
56,18804,12,2,3,0,46,2,0
56,17626,2,1,3,1,50,7,0
29,10951,20,4,5,1,57,9,1
29,9449,15,1,2,0,42,16,0
38,6199,20,1,4,0,32,7,0
36,9768,4,4,4,0,33,0,0
40,12130,22,3,2,0,33,19,0
33,11633,18,2,2,1,40,6,0
28,7225,6,3,5,0,57,8,0
20,19980,23,4,3,0,36,11,1
32,9054,27,4,2,1,55,8,0
23,4505,26,2,3,1,40,19,0
20,12053,19,3,1,0,53,2,0
59,18749,11,2,4,1,40,3,0
51,13832,28,1,5,0,39,9,1
53,19344,24,1,4,1,34,3,0
47,17783,2,1,5,0,42,8,1
50,4551,27,3,1,1,58,0,0
27,18154,8,1,4,0,41,4,0
58,16799,29,2,1,0,39,8,0
45,9852,11,3,5,1,36,4,0
53,4449,5,2,2,1,48,5,0
22,5659,18,4,4,0,48,18,0
31,10509,23,3,1,0,48,7,0
20,5721,18,2,4,1,41,9,0
24,15444,14,2,4,1,49,10,1
49,12637,22,3,4,1,51,12,1
49,13490,10,4,3,1,44,19,0
36,5925,3,3,1,1,34,3,1
42,12824,9,1,1,1,53,10,0
34,9240,3,1,4,1,59,11,0
56,19896,11,4,2,1,43,4,0
40,3215,12,2,4,1,41,9,0
33,10299,12,2,3,0,58,6,0
21,14523,3,2,5,1,50,8,1
30,13364,21,3,3,1,40,8,0
58,6153,7,3,2,0,57,9,0
57,4706,14,4,4,0,34,9,0
53,13298,24,1,1,0,45,1,0
57,4567,28,2,4,0,59,3,0
53,13400,11,1,2,0,55,7,0
37,13345,7,3,1,0,47,13,0
49,4128,25,3,3,1,41,16,0
34,10867,21,3,5,0,56,12,0
46,8583,10,1,5,0,56,17,0
53,7897,11,4,4,0,34,17,0
57,9001,15,4,3,1,45,12,0
52,14113,19,3,2,0,41,7,1
43,7567,16,2,5,1,52,11,0
34,12271,22,1,3,0,31,0,0
49,17348,21,3,4,0,59,19,0
36,14703,28,1,1,1,58,17,0
24,16329,20,1,4,1,35,2,0
48,5741,12,4,4,0,52,11,1
23,9256,18,3,3,1,50,18,0
29,3228,23,4,5,1,54,12,0
36,19678,13,3,3,0,59,9,0
29,7284,5,1,1,0,33,14,0
36,16264,4,4,3,0,59,19,1
39,16390,28,1,2,1,59,1,0
43,3918,14,3,4,0,42,18,0
24,14445,8,2,5,0,39,2,0
53,3498,9,4,1,1,46,13,0
25,5809,25,4,4,1,43,6,0
21,7961,19,1,3,0,53,7,0
32,12017,3,1,2,1,44,10,0
30,6779,5,2,3,0,37,19,0
42,13050,21,4,4,1,52,5,1
35,5118,26,3,1,0,53,10,0
50,9391,18,3,5,1,47,16,0
30,3145,1,4,4,1,32,9,0
35,16929,8,4,1,1,54,16,0
27,17917,19,4,4,1,46,1,0
23,7565,17,2,2,0,53,5,0
59,19576,17,3,3,1,53,4,0
23,9637,11,3,5,0,36,3,0
44,11243,2,1,1,1,42,1,0
22,5410,6,1,5,1,59,11,0
51,4820,22,4,5,0,56,2,0
22,5521,14,1,5,1,45,5,1
46,8882,3,2,1,1,34,13,0
48,4867,12,3,1,0,33,7,0
51,10465,4,3,5,1,55,13,0
38,14461,12,1,3,0,39,2,0
40,9103,13,4,4,1,42,15,0
24,15197,2,1,5,1,39,14,0
37,18424,2,4,2,1,43,6,0
47,19053,15,2,5,0,55,14,1
41,3240,23,3,1,1,51,12,0
40,7631,29,2,4,1,41,5,0
25,12599,17,3,2,1,56,14,0
20,14694,7,2,4,1,30,16,0
24,8077,28,1,4,1,58,3,0
31,6768,14,2,2,1,50,13,0
45,12142,12,2,5,1,59,14,0
53,10995,17,1,5,1,49,11,0
33,16276,14,3,5,1,49,18,0
45,15746,6,3,3,0,36,9,0
46,14475,19,1,5,1,38,5,0
28,9568,24,2,2,0,37,8,0
45,5601,6,2,3,0,56,1,0
41,9080,27,2,5,0,42,3,1
49,16854,18,4,3,1,43,8,0
36,5159,24,3,2,0,41,14,0
45,11313,5,2,5,0,37,12,0
55,7368,24,3,1,0,50,19,0
20,4317,24,2,2,1,51,7,0
27,16272,6,1,4,0,47,18,1
54,4230,2,1,4,1,45,18,0
34,4301,8,3,2,0,58,15,0
41,18927,15,3,4,0,40,10,0
33,4910,15,1,2,1,45,9,0
45,17904,11,4,1,1,43,7,0
47,11107,22,1,2,0,32,0,0
42,5757,22,2,5,0,50,9,1
33,9464,24,4,5,0,31,17,1
43,19562,1,1,3,1,32,2,0
21,12088,18,4,4,1,33,10,0
45,18124,12,4,4,0,51,17,1
33,17260,12,4,2,0,34,2,0
26,12743,25,3,4,1,39,7,0
22,11683,11,1,5,1,49,13,0
42,3060,28,3,1,0,58,5,0
37,12269,8,3,2,1,31,14,0
57,5895,28,2,4,0,41,13,0
54,18323,7,2,5,1,56,6,0
34,15352,23,4,3,0,34,9,0
44,14875,21,4,4,0,34,14,0
56,19969,2,2,1,0,56,9,1
47,8823,11,2,1,1,52,16,0
29,14962,22,1,4,0,30,18,1
58,3534,10,4,4,0,33,16,0
36,7011,3,4,5,1,56,11,0
58,5155,20,2,4,0,50,14,1
41,9957,29,1,3,0,53,11,0
45,12196,10,2,5,0,41,8,0
44,13691,28,2,2,1,41,4,0
36,16327,27,3,3,1,45,3,0
32,5706,18,4,5,1,53,11,0
39,3001,14,1,5,1,46,15,0
44,12225,18,3,1,0,50,8,0
23,17820,28,4,5,1,39,2,1
29,13891,24,2,3,1,46,2,0
22,4861,8,1,4,1,46,17,0
37,8269,10,4,3,0,47,16,0
55,14112,22,2,2,0,31,9,1
41,18699,13,3,5,0,54,1,0
53,11320,21,1,5,1,33,10,0
27,19821,8,4,5,0,48,2,0
59,13740,4,3,5,0,40,1,0
38,6129,27,2,1,1,46,8,0
56,17380,4,2,1,0,41,18,1
25,14360,5,4,4,1,31,1,1
45,8398,1,2,5,1,35,18,0
53,8529,17,1,2,0,38,1,0
25,6918,2,4,4,1,34,14,0
56,19410,8,3,5,1,49,2,0
52,9937,7,4,1,1,58,4,0
41,10118,15,4,2,1,50,10,0
40,19931,26,3,4,1,38,6,1
25,13860,25,2,2,1,57,5,1
25,8338,5,3,5,0,58,13,0
23,15472,2,1,3,1,52,0,0
49,6140,7,2,2,1,37,16,0
30,10996,8,4,2,1,49,16,0
49,18489,28,2,1,1,56,13,0
50,17201,7,2,5,0,37,9,0
43,10776,7,1,2,0,51,7,0
28,7943,28,2,5,1,50,7,0
22,15886,14,2,1,0,58,13,0
50,11997,21,2,5,1,57,6,1
59,10798,18,4,1,1,52,5,0
56,11092,6,2,1,1,35,3,0
55,6225,4,3,4,1,32,0,1
43,14810,10,2,5,0,34,14,0
50,17914,18,1,3,0,38,14,0
25,5460,12,2,4,1,36,0,0
21,11737,16,2,1,1,57,19,0
39,16920,25,4,3,0,33,2,0
47,13754,7,3,2,0,36,4,0
30,13833,6,2,2,1,34,4,1
23,6114,28,3,4,0,40,3,1
34,18360,5,1,3,1,58,16,0
25,12951,3,4,5,0,44,19,0
49,5565,12,3,3,0,31,13,0
57,6174,15,4,4,0,42,7,0
21,5630,10,2,5,0,51,1,0
34,6161,26,1,5,1,45,7,1
30,7321,20,4,2,1,36,0,0
27,16204,19,2,3,0,37,3,0
45,10099,16,3,5,1,35,18,0
24,14360,28,1,4,0,53,4,0
25,13313,11,1,2,0,36,4,1
45,16502,8,3,5,1,47,19,0
23,8801,3,3,3,1,59,18,1
38,17130,23,1,2,1,51,11,0
39,17271,7,4,3,0,54,19,0
52,19075,23,1,3,1,57,0,0
39,7151,29,3,3,1,51,6,0
31,11911,7,4,2,1,49,16,0
20,15861,14,2,5,1,36,1,0
45,3666,2,1,1,0,32,10,0
33,19667,10,3,5,0,34,6,1
57,8840,19,2,2,0,30,16,0
56,6565,26,1,1,0,44,2,0
30,13426,9,1,1,0,55,5,1
55,10366,16,4,1,0,32,10,1
32,18630,19,3,4,0,37,17,0
22,10382,18,2,2,1,54,17,0
52,19149,9,1,4,0,38,9,0
25,18871,16,4,1,0,44,4,0
29,16273,13,2,4,0,39,14,0
24,3992,10,2,4,0,31,19,0
42,9858,25,1,2,1,49,3,1
29,5121,20,2,3,0,34,0,0
21,15388,14,1,4,0,48,14,0
32,7136,12,4,4,1,42,16,0
59,19727,25,4,1,0,40,18,0
21,15653,19,2,1,0,30,13,0
39,18479,7,1,1,0,51,18,0
20,7823,23,3,5,0,59,17,0
56,7920,15,4,4,0,44,1,1
28,8471,16,1,1,0,55,5,0
36,12533,27,1,2,0,47,12,0
28,10127,8,1,5,1,45,16,0
30,6720,10,2,3,1,38,5,0
34,18696,4,3,4,0,30,4,0
43,4364,19,2,4,1,40,6,0
57,5708,19,4,2,0,38,0,0
54,15982,28,2,3,1,52,12,0
49,3151,21,1,3,0,40,18,0
50,5321,27,2,5,1,42,0,0
24,16865,15,1,4,0,55,12,0
33,3495,14,3,1,1,31,10,0
30,14987,1,2,2,1,43,6,0
28,5148,16,2,2,0,35,19,1
53,3556,10,2,2,0,37,2,0
31,16393,19,1,2,1,47,0,0
54,4552,22,1,1,1,45,7,1
54,6085,3,2,1,0,50,16,0
20,3156,5,2,5,1,58,12,0
59,11926,9,3,4,0,41,13,0
41,10162,18,3,1,1,40,4,0
48,11055,11,4,5,1,35,5,0
27,7654,16,3,3,0,32,5,0
30,14468,2,3,4,0,43,7,0
56,3154,12,3,1,0,57,12,0
33,10950,22,1,3,1,31,17,0
49,18323,6,3,5,1,40,3,0
54,7626,11,3,1,1,51,16,0
40,17259,27,2,1,0,32,4,0
56,17873,8,1,3,1,47,2,0
24,16016,12,4,1,1,30,3,1
38,12369,29,4,2,0,59,4,0
33,3153,27,3,1,1,53,13,0
45,10853,2,4,4,1,30,14,0
23,15379,9,4,3,0,41,19,1
44,18792,15,4,4,0,44,16,1
44,8599,2,3,5,0,34,5,0
37,17785,29,4,4,0,56,9,1
59,14049,1,3,2,0,35,15,0
27,3786,10,2,2,0,45,16,0
58,7368,2,2,4,0,56,13,0
59,17923,12,4,5,0,41,19,0
33,7272,23,2,1,0,41,11,0
51,8994,8,3,2,1,32,8,0
57,10011,5,2,4,0,59,14,1
52,17086,22,4,4,0,52,11,0
42,12261,28,3,4,1,31,13,0
34,10011,1,1,1,0,36,17,0
52,4212,15,3,3,1,31,19,1
44,17141,6,2,5,1,50,5,1
36,12344,12,1,3,0,36,3,0
52,9704,8,3,5,1,40,11,0
21,18896,13,1,5,0,40,12,0
33,3143,19,1,4,0,43,18,0
59,13681,27,1,2,1,32,12,0
59,10367,1,3,4,1,43,11,0
58,6228,11,2,1,1,40,19,0
25,7582,20,3,5,0,33,2,0
25,16147,1,2,2,0,46,2,0
22,14397,8,3,5,1,45,13,0
26,9031,5,3,5,0,32,17,0
27,7243,17,3,4,0,54,18,1
34,16647,8,2,2,1,39,9,0
48,14496,25,3,2,1,50,16,1
52,12549,10,1,5,1,44,14,1
49,18146,2,3,2,1,37,18,0
58,7185,9,1,2,1,47,8,0
46,15486,24,4,4,1,32,3,0
55,10328,23,4,3,1,36,14,0
48,19684,3,2,1,1,59,18,0
57,6010,18,2,3,1,39,15,0
52,8555,7,4,2,1,49,7,0
56,3067,15,3,5,0,38,16,0
46,15185,21,3,1,0,43,0,1
52,4537,22,3,1,1,52,6,0
23,19781,20,4,5,0,43,17,0
41,14549,18,1,1,0,40,11,1
21,8680,25,2,5,0,57,15,0
29,11747,3,1,1,0,30,0,0
24,18116,28,4,3,0,33,14,1
29,5941,23,1,1,0,55,6,0
52,13849,14,3,4,1,56,16,0
57,10067,24,3,5,1,35,2,0
32,13151,2,1,1,0,51,10,0
50,18126,14,4,5,0,55,5,0
55,18613,22,1,4,1,51,5,0
43,9447,11,3,1,0,34,14,0
34,8499,16,3,1,0,32,6,1
48,9273,8,4,4,0,31,10,0
27,4299,7,1,4,0,32,16,0
24,9701,11,3,4,0,38,17,0
48,7994,3,3,5,1,48,18,0
23,18627,17,1,4,1,48,7,0
31,10489,14,1,5,0,46,19,1
21,11269,6,2,3,1,47,7,0
46,5831,8,4,1,0,40,10,0
50,14602,22,4,1,0,41,2,0
55,14819,5,1,2,0,32,13,0
55,4996,27,4,3,0,47,8,1
45,14619,28,3,4,0,53,0,0
46,19661,8,1,4,0,35,0,0
24,6089,2,1,3,0,36,11,0
39,3523,15,1,4,0,30,10,0
30,15410,12,2,2,0,35,0,0
29,18732,17,4,5,1,47,19,0
59,11167,1,2,1,0,42,11,0
57,8190,15,3,3,1,51,16,0
25,7575,14,4,1,1,48,14,0
27,10727,20,2,5,0,36,1,0
42,18378,22,1,3,1,48,17,1
45,4797,16,2,5,0,38,15,1
31,5131,29,1,4,0,32,3,0
45,17900,9,2,4,0,52,7,0
32,14332,1,2,4,0,41,1,0
59,9666,28,2,5,1,49,13,0
37,19526,17,1,5,1,53,14,0
44,15479,29,2,5,0,59,8,0
52,4410,13,4,1,1,47,1,0
59,15665,21,4,5,1,37,16,0
31,3534,26,4,4,1,38,9,0
55,6364,21,1,2,0,42,8,1
23,6342,5,1,5,1,37,1,0
24,16465,10,4,2,1,51,18,0
56,7500,6,4,4,1,39,16,0
27,4172,24,4,5,0,46,10,0
47,11007,19,3,1,1,36,16,1
50,4641,25,4,1,1,46,9,0
28,19855,13,2,2,0,52,17,0
48,11738,1,3,1,1,59,5,0
