"CFDA PROGRAM NUMBER","STATE APPLICATION IDENTIFIER (SAI NUMBER)","RECIPIENT NAME","RECIPIENT CITY CODE","RECIPIENT CITY NAME","RECIPIENT COUNTY CODE","RECIPIENT COUNTY NAME","RECIPIENT STATE CODE","RECIPIENT ZIP CODE","TYPE OF RECIPIENT","TYPE OF ACTION","RECIPIENT CONGRESSIONAL DISTRICT","FEDERAL AGENCY/ORGANIZATIONAL UNIT CODE","FEDERAL AWARD IDENTIFIER NUMBER","FEDERAL FUNDING SIGN","FEDERAL FUNDING AMOUNT","NON-FEDERAL FUNDING SIGN","NON-FEDERAL FUNDING AMOUNT","TOTAL FUNDING SIGN","TOTAL FUNDING AMOUNT","OBLIGATION ACTION DATE","STARTING DATE","ENDING DATE","TYPE OF ASSISTANCE TRANSACTION","RECORD TYPE","CORRECTION/LATE INDICATOR ","FISCAL YEAR AND QUARTER CORRECTION","PRINCIPAL PLACE OF PERFORMANCE CODE","PRINCIPAL PLACE OF PERFORMANCE: STATE","PRINCIPAL PLACE OF PERFORMANCE: COUNTY OR CITY","CFDA PROGRAM TITLE","FEDERAL AGENCY NAME","STATE NAME FOR RECIPIENT","PROJECT DESCRIPTION"
"12.910","SAI NOT AVAILABLE","UNIVERSITY OF ILLINOIS","12385","CHAMPAIGN","019","CHAMPAIGN COUNTY","ILLINOIS","618013620","Private: private higher education","new assistance action","15","DOD-DEFENSE ADVANCED RESEARCH PROJECTS AGENCY","HR00111010050","","200000","","0","","200000","01/15/2010","01/15/2010","01/14/2011","project grant  (B)","action-by-action reporting","","","1712385","ILLINOIS","CHAMPAIGN","RESEARCH AND TECHNOLOGY DEVELOPMENT","DOD-DEFENSE ADVANCED RESEARCH PROJECTS AGENCY","ILLINOIS","THERMAL SWITICH FEASIBILITY STUDY"
"12.600","SAI NOT AVAILABLE","CITY OF INGLESIDE","36008","INGLESIDE","409","SAN PATRICIO COUNTY","TEXAS","783625801","Government codes: city or township government","new assistance action","15","DOD-OFFICE OF THE SECRETARY OF DEFENSE","HQ00051010040","","1000000","","0","","1000000","03/02/2010","02/01/2010","09/30/2010","project grant  (B)","action-by-action reporting","","","4836008","TEXAS","INGLESIDE","COMMUNITY ECONOMIC ADJUSTMENT","DOD-OFFICE OF THE SECRETARY OF DEFENSE","TEXAS","SPECIAL PROGRAMS (SP)"
"12.300","SAI NOT AVAILABLE","SOUTHALL ENVIRONMENTAL ASSOCIA","69112","SANTA CRUZ","087","SANTA CRUZ COUNTY","CALIFORNIA","950604741","Private: profit organization","new assistance action","90","DOD-DEFENSE CONTRACT MANAGEMENT AGENCY","N002441010033","","130065","","0","","130065","03/11/2010","03/11/2010","03/10/2012","project grant  (B)","action-by-action reporting","","","0669112","CALIFORNIA","SANTA CRUZ","BASIC AND APPLIED SCIENTIFIC RESEARCH","DOD-DEFENSE CONTRACT MANAGEMENT AGENCY","CALIFORNIA","BEHAVIORAL RESPONSE STUDY (BRS): SOCAL-10 AND -11: SCIENTIFIC PLANNING, FIELD EXECUTION, DATA ANALYSIS, AND TRANSPARENT COMMUNICATION OF SCIENTIFIC"
"12.910","SAI NOT AVAILABLE","THE REGENTS OF THE UNIVERSITY","44000","LOS ANGELES","037","LOS ANGELES COUNTY","CALIFORNIA","900246523","Government codes: State controlled institutions of higher education","new assistance action","90","DOD-DEFENSE ADVANCED RESEARCH PROJECTS AGENCY","HR00111010009","","1113495","","0","","1113495","02/08/2010","02/08/2010","08/07/2011","project grant  (B)","action-by-action reporting","","","0644000","CALIFORNIA","LOS ANGELES","RESEARCH AND TECHNOLOGY DEVELOPMENT","DOD-DEFENSE ADVANCED RESEARCH PROJECTS AGENCY","CALIFORNIA","SELF ORGANIZED PHYSICAL INTELLIGENCE SYSTEM"
"12.910","SAI NOT AVAILABLE","THE REGENTS OF THE UNIVERSITY","44000","LOS ANGELES","037","LOS ANGELES COUNTY","CALIFORNIA","900246523","Government codes: State controlled institutions of higher education","new assistance action","90","DOD-DEFENSE ADVANCED RESEARCH PROJECTS AGENCY","W31P4Q1010003","","299961","","0","","299961","03/11/2010","03/11/2010","03/31/2011","project grant  (B)","action-by-action reporting","","","0644000","CALIFORNIA","LOS ANGELES","RESEARCH AND TECHNOLOGY DEVELOPMENT","DOD-DEFENSE ADVANCED RESEARCH PROJECTS AGENCY","CALIFORNIA","INSECT-CONTROLLED UNMANNED AERIAL VEHICLE (UAV'S)"
"12.910","SAI NOT AVAILABLE","THE REGENTS OF THE UNIVERSITY","44000","LOS ANGELES","037","LOS ANGELES COUNTY","CALIFORNIA","900246523","Government codes: State controlled institutions of higher education","new assistance action","90","DOD-DEFENSE ADVANCED RESEARCH PROJECTS AGENCY","HR00111010008","","830000","","0","","830000","02/08/2010","02/08/2010","08/07/2011","project grant  (B)","action-by-action reporting","","","0644000","CALIFORNIA","LOS ANGELES","RESEARCH AND TECHNOLOGY DEVELOPMENT","DOD-DEFENSE ADVANCED RESEARCH PROJECTS AGENCY","CALIFORNIA","INTELLIGENCE OF NEAR CRITICAL PHYSICAL SYSTEMS"
"12.910","SAI NOT AVAILABLE","UNIVERSITY OF SOUTHERN CALIFOR","44000","LOS ANGELES","037","LOS ANGELES COUNTY","CALIFORNIA","900890001","Government codes: State controlled institutions of higher education","new assistance action","90","DOD-DEFENSE ADVANCED RESEARCH PROJECTS AGENCY","HR00111010048","","350000","","0","","350000","02/22/2010","02/22/2010","09/30/2010","project grant  (B)","action-by-action reporting","","","0644000","CALIFORNIA","LOS ANGELES","RESEARCH AND TECHNOLOGY DEVELOPMENT","DOD-DEFENSE ADVANCED RESEARCH PROJECTS AGENCY","CALIFORNIA","RAPIDLY FORMED ELECTRICAL GRIDS FOR EXTREME SCENARIOS (REGES)"
"12.910","SAI NOT AVAILABLE","UNIVERSITY OF CENTRAL FLORIDA","53000","ORLANDO","095","ORANGE COUNTY","FLORIDA","328168005","Private: private higher education","continuation (funding in succeeding budget period which stemmed from prior agreement to fund - amount of the current action)","90","DOD-DEFENSE ADVANCED RESEARCH PROJECTS AGENCY","HR00110910045   0001","","229188","","0","","229188","02/02/2010","05/07/2009","05/07/2011","project grant  (B)","action-by-action reporting","","","1253000","FLORIDA","ORLANDO","RESEARCH AND TECHNOLOGY DEVELOPMENT","DOD-DEFENSE ADVANCED RESEARCH PROJECTS AGENCY","FLORIDA","THE CS STUDY GROUP PROGRAM"
"12.910","SAI NOT AVAILABLE","GEORGIA TECH RESEARCH CORPORAT","04000","ATLANTA","121","FULTON COUNTY","GEORGIA","303320001","Government codes: State controlled institutions of higher education","continuation (funding in succeeding budget period which stemmed from prior agreement to fund - amount of the current action)","90","DOD-DEFENSE ADVANCED RESEARCH PROJECTS AGENCY","W31P4Q0910012   003","","664334","","0","","664334","02/08/2010","09/30/2009","05/30/2011","project grant  (B)","action-by-action reporting","","","1304000","GEORGIA","ATLANTA","RESEARCH AND TECHNOLOGY DEVELOPMENT","DOD-DEFENSE ADVANCED RESEARCH PROJECTS AGENCY","GEORGIA","ZENO-BASED OPTO-ELECTRONICS"
"12.910","SAI NOT AVAILABLE","JOHNS HOPKINS UNIVERSITY","80704","WASHINGTON","317","WILKES COUNTY","GEORGIA","212182680","Private: private higher education","continuation (funding in succeeding budget period which stemmed from prior agreement to fund - amount of the current action)","09","DOD-DEFENSE ADVANCED RESEARCH PROJECTS AGENCY","HR00110910044   0001","","170187","","0","","170187","02/02/2010","05/12/2009","05/13/2011","project grant  (B)","action-by-action reporting","","","1380704","GEORGIA","WASHINGTON","RESEARCH AND TECHNOLOGY DEVELOPMENT","DOD-DEFENSE ADVANCED RESEARCH PROJECTS AGENCY","GEORGIA","THE CS STUDY GROUP PROGRAM"
"12.910","SAI NOT AVAILABLE","UNIVERSITY OF HAWAII","16999","HONOLULU","003","HONOLULU COUNTY","HAWAII","968222309","Government codes: State controlled institutions of higher education","new assistance action","90","DOD-DEFENSE ADVANCED RESEARCH PROJECTS AGENCY","W31P4Q1010009","","108916","","0","","108916","03/11/2010","03/11/2010","12/31/2010","project grant  (B)","action-by-action reporting","","","1516999","HAWAII","HONOLULU","RESEARCH AND TECHNOLOGY DEVELOPMENT","DOD-DEFENSE ADVANCED RESEARCH PROJECTS AGENCY","HAWAII","EVALUATION OF OLEANDER SPHINX MOTH, DAPHNIS NERII, AND THE GIANT SPHINX MOTH...FOR AQUATIC BEATLE MEMS"
"12.910","SAI NOT AVAILABLE","UNIVERSITY OF ILLINOIS","12385","CHAMPAIGN","019","CHAMPAIGN COUNTY","ILLINOIS","618013620","Private: private higher education","continuation (funding in succeeding budget period which stemmed from prior agreement to fund - amount of the current action)","15","DOD-DEFENSE ADVANCED RESEARCH PROJECTS AGENCY","HR00110710002   0007","","1797000","","0","","1797000","01/21/2010","01/05/2006","03/22/2011","project grant  (B)","action-by-action reporting","","","1712385","ILLINOIS","CHAMPAIGN","RESEARCH AND TECHNOLOGY DEVELOPMENT","DOD-DEFENSE ADVANCED RESEARCH PROJECTS AGENCY","ILLINOIS","DEFENSE SCIENCE OFFICE SENSOR TOPOLOGY AND MINIMALIST PLANNING"
"12.910","SAI NOT AVAILABLE","MASSACHUSETTS INSTITUTE OF TEC","11000","CAMBRIDGE","017","MIDDLESEX COUNTY","MASSACHUSETTS","021394301","Private: private higher education","continuation (funding in succeeding budget period which stemmed from prior agreement to fund - amount of the current action)","90","DOD-DEFENSE ADVANCED RESEARCH PROJECTS AGENCY","HR00110710006   0006","","690016","","0","","690016","02/08/2010","02/22/2007","02/11/2011","project grant  (B)","action-by-action reporting","","","2511000","MASSACHUSETTS","CAMBRIDGE","RESEARCH AND TECHNOLOGY DEVELOPMENT","DOD-DEFENSE ADVANCED RESEARCH PROJECTS AGENCY","MASSACHUSETTS","INTEGRALLY PACKAGE OF MICBATTERIES"
"12.910","SAI NOT AVAILABLE","MASSACHUSETTS INSTITUTE OF TEC","11000","CAMBRIDGE","017","MIDDLESEX COUNTY","MASSACHUSETTS","021394301","Private: private higher education","continuation (funding in succeeding budget period which stemmed from prior agreement to fund - amount of the current action)","90","DOD-DEFENSE ADVANCED RESEARCH PROJECTS AGENCY","HR00110510048   0003","-","4182","","0","-","4182","03/15/2010","06/27/2005","03/16/2010","project grant  (B)","action-by-action reporting","","","2511000","MASSACHUSETTS","CAMBRIDGE","RESEARCH AND TECHNOLOGY DEVELOPMENT","DOD-DEFENSE ADVANCED RESEARCH PROJECTS AGENCY","MASSACHUSETTS","PROACTIVE MOBILE WIRELESS NETWORK"
"12.910","SAI NOT AVAILABLE","MASSACHUSETTS INSTITUTE OF TEC","11000","CAMBRIDGE","017","MIDDLESEX COUNTY","MASSACHUSETTS","021394301","Private: private higher education","continuation (funding in succeeding budget period which stemmed from prior agreement to fund - amount of the current action)","90","DOD-DEFENSE ADVANCED RESEARCH PROJECTS AGENCY","HR00110710006   0007","","124199","","0","","124199","03/19/2010","02/22/2007","02/07/2011","project grant  (B)","action-by-action reporting","","","2511000","MASSACHUSETTS","CAMBRIDGE","RESEARCH AND TECHNOLOGY DEVELOPMENT","DOD-DEFENSE ADVANCED RESEARCH PROJECTS AGENCY","MASSACHUSETTS","INTEGRALLY PACKAGE 3D MIRCOBATTERIES"
"12.630","SAI NOT AVAILABLE","HYCRETE INC","10480","CARLSTADT","003","BERGEN COUNTY","NEW JERSEY","070722810","Private: small business","new assistance action","90","DOD-DEFENSE CONTRACT MANAGEMENT AGENCY","W9132T1020005","","900308","","0","","900308","03/16/2010","03/16/2010","09/15/2011","cooperative agreement  (B)","action-by-action reporting","","","3410480","NEW JERSEY","CARLSTADT","BASIC APPLIED AND ADVANCED RESEARCH IN SCIENCE AND ENGINEERING","DOD-DEFENSE CONTRACT MANAGEMENT AGENCY","NEW JERSEY","RESEARCH INTO USE AND TESTING OF HYDROPHOBIC ADMIXTURES TO IMPROVE PERFORMANCE OF CONCRETE MATERIALS AND MITIGATE CORROSION"
"12.910","SAI NOT AVAILABLE","THE RESEARCH FOUNDATION OF STA","06607","BINGHAMTON","007","BROOME COUNTY","NEW YORK","139026000","Private: private higher education","new assistance action","90","DOD-DEFENSE ADVANCED RESEARCH PROJECTS AGENCY","HR00111010002","","3750000","","0","","3750000","01/12/2010","01/12/2010","01/11/2012","project grant  (B)","action-by-action reporting","","","3606607","NEW YORK","BINGHAMTON","RESEARCH AND TECHNOLOGY DEVELOPMENT","DOD-DEFENSE ADVANCED RESEARCH PROJECTS AGENCY","NEW YORK","CENTER FOR AUTONOMOUS SOLAR POWER"
"12.910","SAI NOT AVAILABLE","CORNELL UNIVERSITY, INC","38077","ITHACA","109","TOMPKINS COUNTY","NEW YORK","148532801","Government codes: State controlled institutions of higher education","new assistance action","90","DOD-DEFENSE ADVANCED RESEARCH PROJECTS AGENCY","W31P4Q1010001","","493404","","0","","493404","01/21/2010","01/21/2010","09/30/2011","project grant  (B)","action-by-action reporting","","","3638077","NEW YORK","ITHACA","RESEARCH AND TECHNOLOGY DEVELOPMENT","DOD-DEFENSE ADVANCED RESEARCH PROJECTS AGENCY","NEW YORK","ADVANCES IN RADIOISOTOPE POWERED ELECTRON LITHOGRAPHY"
"12.910","SAI NOT AVAILABLE","DUKE UNIVERSITY","19000","DURHAM","063","DURHAM COUNTY","NORTH CAROLINA","277089900","Private: private higher education","continuation (funding in succeeding budget period which stemmed from prior agreement to fund - amount of the current action)","04","DOD-DEFENSE ADVANCED RESEARCH PROJECTS AGENCY","HR00110910040   0001","","285949","","0","","285949","02/02/2010","05/07/2009","05/06/2011","project grant  (B)","action-by-action reporting","","","3719000","NORTH CAROLINA","DURHAM","RESEARCH AND TECHNOLOGY DEVELOPMENT","DOD-DEFENSE ADVANCED RESEARCH PROJECTS AGENCY","NORTH CAROLINA","THE CS STUDY GROUP PROGRAM"
"12.910","SAI NOT AVAILABLE","INTERNATIONAL TECHNOLOGY CENTE","55000","RALEIGH","183","WAKE COUNTY","NORTH CAROLINA","276177300","Government codes: State controlled institutions of higher education","new assistance action","90","DOD-DEFENSE ADVANCED RESEARCH PROJECTS AGENCY","W31P4Q1010012","","298000","","0","","298000","03/31/2010","03/31/2010","09/28/2010","project grant  (B)","action-by-action reporting","","","3755000","NORTH CAROLINA","RALEIGH","RESEARCH AND TECHNOLOGY DEVELOPMENT","DOD-DEFENSE ADVANCED RESEARCH PROJECTS AGENCY","NORTH CAROLINA",""ELECTROHYDRODYNAMIC PROPULSION CAPABILITIES ASSESSMENT"
"12.910","SAI NOT AVAILABLE","TRUSTEES OF THE UNIVERSITY OF","60000","PHILADELPHIA","101","PHILADELPHIA COUNTY","PENNSYLVANIA","191046205","Private: private higher education","continuation (funding in succeeding budget period which stemmed from prior agreement to fund - amount of the current action)","90","DOD-DEFENSE ADVANCED RESEARCH PROJECTS AGENCY","HR00110610003   0014","","134327","","0","","134327","01/26/2010","11/09/2005","05/31/2010","project grant  (B)","action-by-action reporting","","","4260000","PENNSYLVANIA","PHILADELPHIA","RESEARCH AND TECHNOLOGY DEVELOPMENT","DOD-DEFENSE ADVANCED RESEARCH PROJECTS AGENCY","PENNSYLVANIA","GLOBAL AUTONOMOUS LANGUAGES EXPLOITATATION"
"12.910","SAI NOT AVAILABLE","TRUSTEES OF THE UNIVERSITY OF","60000","PHILADELPHIA","101","PHILADELPHIA COUNTY","PENNSYLVANIA","191046205","Private: private higher education","continuation (funding in succeeding budget period which stemmed from prior agreement to fund - amount of the current action)","90","DOD-DEFENSE ADVANCED RESEARCH PROJECTS AGENCY","HR00110610003   0015","","1744000","","0","","1744000","03/10/2010","11/09/2005","05/31/2010","project grant  (B)","action-by-action reporting","","","4260000","PENNSYLVANIA","PHILADELPHIA","RESEARCH AND TECHNOLOGY DEVELOPMENT","DOD-DEFENSE ADVANCED RESEARCH PROJECTS AGENCY","PENNSYLVANIA","GLOBAL AUTONOMOUS LANGUAGES EXPLOITATION"
"12.910","SAI NOT AVAILABLE","VANDERBILT UNIVERSITY, THE","52004","NASHVILLE-DAVIDSON","037","DAVIDSON COUNTY","TENNESSEE","372032416","Private: private higher education","continuation (funding in succeeding budget period which stemmed from prior agreement to fund - amount of the current action)","90","DOD-DEFENSE ADVANCED RESEARCH PROJECTS AGENCY","HR00110910043   0001","","252087","","0","","252087","02/02/2010","04/28/2009","04/27/2011","project grant  (B)","action-by-action reporting","","","4752004","TENNESSEE","NASHVILLE-DAVIDSON","RESEARCH AND TECHNOLOGY DEVELOPMENT","DOD-DEFENSE ADVANCED RESEARCH PROJECTS AGENCY","TENNESSEE","THE CS STUDY GROUP PROGRAM"
"12.612","SAI NOT AVAILABLE","FORT MONROE FEDERAL AREA","35000","HAMPTON","650","HAMPTON","VIRGINIA","236511112","Government codes: State government","funding adjustment to completed project","90","DOD-OFFICE OF THE SECRETARY OF DEFENSE","OEA9900910032   0000","-","71916","","0","-","71916","01/10/2010","10/01/2007","01/31/2010","project grant  (B)","action-by-action reporting","","","5135000","VIRGINIA","HAMPTON","COMMUNITY BASE REUSE PLANS","DOD-OFFICE OF THE SECRETARY OF DEFENSE","VIRGINIA","BASE CLOSURE (CL)"
"12.910","SAI NOT AVAILABLE","MARSHALL UNIVERSITY RESEARCH C","39460","HUNTINGTON","011","CABELL COUNTY","WEST VIRGINIA","257012225","Nonprofit agencies: other nonprofit","continuation (funding in succeeding budget period which stemmed from prior agreement to fund - amount of the current action)","03","DOD-DEFENSE ADVANCED RESEARCH PROJECTS AGENCY","HR00110610028   0004","","6838880","","0","","6838880","03/24/2010","07/01/2006","06/30/2010","project grant  (B)","action-by-action reporting","","","5439460","WEST VIRGINIA","HUNTINGTON","RESEARCH AND TECHNOLOGY DEVELOPMENT","DOD-DEFENSE ADVANCED RESEARCH PROJECTS AGENCY","WEST VIRGINIA","ROBERT BRYD ADVANCE FLEXIBLE MANUFACTURING"
"12.910","SAI NOT AVAILABLE","MARSHALL UNIVERSITY RESEARCH C","39460","HUNTINGTON","011","CABELL COUNTY","WEST VIRGINIA","257012225","Nonprofit agencies: other nonprofit","continuation (funding in succeeding budget period which stemmed from prior agreement to fund - amount of the current action)","03","DOD-DEFENSE ADVANCED RESEARCH PROJECTS AGENCY","HR00110610028   0004","","6834506","","0","","6834506","03/26/2010","07/01/2006","04/30/2011","project grant  (B)","action-by-action reporting","","","5439460","WEST VIRGINIA","HUNTINGTON","RESEARCH AND TECHNOLOGY DEVELOPMENT","DOD-DEFENSE ADVANCED RESEARCH PROJECTS AGENCY","WEST VIRGINIA","ROBERT BYRD ADVANCED FLEXIBLE MANUFACTURING"
"12.910","SAI NOT AVAILABLE","OREGON HEALTH & SCIENCE UNIVER","60200","OREGON","025","DANE COUNTY","WISCONSIN","972393011","Private: private higher education","continuation (funding in succeeding budget period which stemmed from prior agreement to fund - amount of the current action)","02","DOD-DEFENSE ADVANCED RESEARCH PROJECTS AGENCY","HR001100910041  0001","","251415","","0","","251415","02/02/2010","05/07/2009","05/06/2011","project grant  (B)","action-by-action reporting","","","5560200","WISCONSIN","OREGON","RESEARCH AND TECHNOLOGY DEVELOPMENT","DOD-DEFENSE ADVANCED RESEARCH PROJECTS AGENCY","WISCONSIN","THE CS STUDY GROUP PROGRAM"
"12.607","SAI NOT AVAILABLE","COUNTY OF MADISON","63912","REDSTONE ARSENAL","089","MADISON COUNTY","ALABAMA","358014800","Government codes: county government","new assistance action","05","DOD-OFFICE OF THE SECRETARY OF DEFENSE","HQ00051010028","","822500","","0","","822500","01/26/2010","02/01/2010","01/31/2011","project grant  (B)","action-by-action reporting","","","0163912","ALABAMA","REDSTONE ARSENAL","COMMUNITY ECONOMIC ADJUSTMENT ASSISTANCE FOR ESTABLISHMENT, EXPANSION, REA","DOD-OFFICE OF THE SECRETARY OF DEFENSE","ALABAMA","BASE REALIGNMENT (RA) TO EVALUATE COMMUNITY NEEDS AND CAPABILITIES, AND PROVIDE ADJUSTMENT ASSISTANCE IN RESPONSE TO THE REALIGNMENT OF REDSTONE ARSE"
"12.607","SAI NOT AVAILABLE","CITY OF TUCSON","77000","TUCSON","019","PIMA COUNTY","ARIZONA","857011303","Government codes: city or township government","funding adjustment to completed project","90","DOD-OFFICE OF THE SECRETARY OF DEFENSE","OEA9900810015   0000","-","8412","","0","-","8412","03/02/2010","05/01/2007","07/31/2010","project grant  (B)","action-by-action reporting","","","0477000","ARIZONA","TUCSON","COMMUNITY ECONOMIC ADJUSTMENT ASSISTANCE FOR ESTABLISHMENT, EXPANSION, REA","DOD-OFFICE OF THE SECRETARY OF DEFENSE","ARIZONA","BASE CLOSURE (CL) TO EVALUATE COMMUNITY NEEDS AND CAPABILITIES, AND PROVIDE ADJUSTMENT ASSISTANCE IN RESPONSE TO THE CLOSURE OF ALLEN HALL U.S. (USAR"
"12.910","SAI NOT AVAILABLE","REGENTS OF THE UNIVERSITY OF C","06000","BERKELEY","001","ALAMEDA COUNTY","CALIFORNIA","947045940","Government codes: State controlled institutions of higher education","continuation (funding in succeeding budget period which stemmed from prior agreement to fund - amount of the current action)","90","DOD-DEFENSE ADVANCED RESEARCH PROJECTS AGENCY","W31P4Q1010002   0001","","1037269","","0","","1037269","03/11/2010","12/21/2009","08/31/2011","project grant  (B)","action-by-action reporting","","","0606000","CALIFORNIA","BERKELEY","RESEARCH AND TECHNOLOGY DEVELOPMENT","DOD-DEFENSE ADVANCED RESEARCH PROJECTS AGENCY","CALIFORNIA","AUTONOMOUS SENSOR MOTES EMPLOYING LIQUID-BEARING ROTARY STAGES"
"12.910","SAI NOT AVAILABLE","REGENTS OF THE UNIVERSITY OF C","06000","BERKELEY","001","ALAMEDA COUNTY","CALIFORNIA","947045940","Government codes: State controlled institutions of higher education","continuation (funding in succeeding budget period which stemmed from prior agreement to fund - amount of the current action)","90","DOD-DEFENSE ADVANCED RESEARCH PROJECTS AGENCY","HR00110910015   0002","","402321","","0","","402321","02/17/2010","02/17/2009","02/16/2011","project grant  (B)","action-by-action reporting","","","0606000","CALIFORNIA","BERKELEY","RESEARCH AND TECHNOLOGY DEVELOPMENT","DOD-DEFENSE ADVANCED RESEARCH PROJECTS AGENCY","CALIFORNIA","THEORETICAL MATHEMATICS (FATHM) PROGRAM"
"12.910","SAI NOT AVAILABLE","CALIFORNIA INSTITUTE OF TECHNO","56000","PASADENA","037","LOS ANGELES COUNTY","CALIFORNIA","911250001","Government codes: State controlled institutions of higher education","revision (any change in Federal Government's financial obligation or contingent liability in existing assistance transaction - amount of the <u>change</u> in funding)","90","DOD-DEFENSE ADVANCED RESEARCH PROJECTS AGENCY","W31P4Q1010006","-","155284","","0","-","155284","03/03/2010","03/03/2010","03/03/2011","project grant  (B)","action-by-action reporting","","","0656000","CALIFORNIA","PASADENA","RESEARCH AND TECHNOLOGY DEVELOPMENT","DOD-DEFENSE ADVANCED RESEARCH PROJECTS AGENCY","CALIFORNIA","UNCOOLED M+NEMS INFRARED DETECTORS"
"12.910","SAI NOT AVAILABLE","THE REGENTS OF THE UNIVERSITY","44000","LOS ANGELES","037","LOS ANGELES COUNTY","CALIFORNIA","900246523","Government codes: State controlled institutions of higher education","continuation (funding in succeeding budget period which stemmed from prior agreement to fund - amount of the current action)","90","DOD-DEFENSE ADVANCED RESEARCH PROJECTS AGENCY","HR00110910037   0001","","250745","","0","","250745","02/03/2010","05/01/2009","04/30/2011","project grant  (B)","action-by-action reporting","","","0644000","CALIFORNIA","LOS ANGELES","RESEARCH AND TECHNOLOGY DEVELOPMENT","DOD-DEFENSE ADVANCED RESEARCH PROJECTS AGENCY","CALIFORNIA","THE CS STUDY GROUP PROGRAM"
"12.910","SAI NOT AVAILABLE","THE REGENTS OF THE UNIVERSITY","69070","SANTA BARBARA","083","SANTA BARBARA COUNTY","CALIFORNIA","931060001","Government codes: State controlled institutions of higher education","continuation (funding in succeeding budget period which stemmed from prior agreement to fund - amount of the current action)","90","DOD-DEFENSE ADVANCED RESEARCH PROJECTS AGENCY","W31P4Q0910001   0007","","100000","","0","","100000","02/04/2010","02/04/2010","10/31/2011","project grant  (B)","action-by-action reporting","","","0669070","CALIFORNIA","SANTA BARBARA","RESEARCH AND TECHNOLOGY DEVELOPMENT","DOD-DEFENSE ADVANCED RESEARCH PROJECTS AGENCY","CALIFORNIA","SERS DETECTION FOR EXPLOSIVES VAPOR"
"12.910","SAI NOT AVAILABLE","AGILENT TECHNOLOGIES, INC","55282","PALO ALTO","085","SANTA CLARA COUNTY","CALIFORNIA","950517201","Private: all other","continuation (funding in succeeding budget period which stemmed from prior agreement to fund - amount of the current action)","90","DOD-DEFENSE ADVANCED RESEARCH PROJECTS AGENCY","HR00110930003   0002","","1608640","","0","","1608640","01/25/2010","06/17/2009","06/16/2011","other reimbursable, contingent, intangible, or indirect financial assistance","action-by-action reporting","","","0655282","CALIFORNIA","PALO ALTO","RESEARCH AND TECHNOLOGY DEVELOPMENT","DOD-DEFENSE ADVANCED RESEARCH PROJECTS AGENCY","CALIFORNIA","PANOPTIC ANALYSIS OF CHEMICAL TRACES (PACT)"
"12.910","SAI NOT AVAILABLE","HEWLETT-PACKARD COMPANY","55282","PALO ALTO","085","SANTA CLARA COUNTY","CALIFORNIA","943041126","Private: profit organization","continuation (funding in succeeding budget period which stemmed from prior agreement to fund - amount of the current action)","90","DOD-DEFENSE ADVANCED RESEARCH PROJECTS AGENCY","HR00110930001   0007","","1832667","","0","","1832667","02/22/2010","10/21/2008","03/21/2011","other reimbursable, contingent, intangible, or indirect financial assistance","action-by-action reporting","","","0655282","CALIFORNIA","PALO ALTO","RESEARCH AND TECHNOLOGY DEVELOPMENT","DOD-DEFENSE ADVANCED RESEARCH PROJECTS AGENCY","CALIFORNIA","SYSTEM OF NEUROMORPHIC ADAPTIVE PLASTIC SCALABLE"
"12.610","SAI NOT AVAILABLE","COUNTY OF OKALOOSA","20050","EGLIN AFB","091","OKALOOSA COUNTY","FLORIDA","325792307","Government codes: county government","funding adjustment to completed project","90","DOD-OFFICE OF THE SECRETARY OF DEFENSE","OEA9900910070   0000","-","198","","0","-","198","02/03/2010","09/01/2006","09/30/2010","project grant  (B)","action-by-action reporting","","","1220050","FLORIDA","EGLIN AFB","COMMUNITY ECONOMIC ADJUSTMENT PLANNING ASSISTANCE FOR JOINT LAND USE STUDI","DOD-OFFICE OF THE SECRETARY OF DEFENSE","FLORIDA","ENCROACHMENT (EN) TO PROVIDE TECHNICAL AND FINANCIAL ASSISTANCE TO EGLIN AIR FORCE BASE (AFB), FL, OKALOOSA COUNTY, AND OTHER PARTICIPATING COUNTIES"
"12.607","SAI NOT AVAILABLE","VALLEY PARTNERSHIP JOINT DEVEL","99053","CHATTAHOOCHEE COUNTY","053","CHATTAHOOCHEE COUNTY","GEORGIA","319012613","Government codes: State government","funding adjustment to completed project","02","DOD-OFFICE OF THE SECRETARY OF DEFENSE","OEA9900910053   0000","-","8000","","0","-","8000","01/26/2010","09/01/2006","07/31/2010","project grant  (B)","action-by-action reporting","","","1399053","GEORGIA","CHATTAHOOCHEE COUNTY","COMMUNITY ECONOMIC ADJUSTMENT ASSISTANCE FOR ESTABLISHMENT, EXPANSION, REA","DOD-OFFICE OF THE SECRETARY OF DEFENSE","GEORGIA","BASE REALIGNMENT (RA) TO EVALUATE COMMUNITY NEEDS AND CAPABILITIES, AND PROVIDE ADJUSTMENT ASSISTANCE IN RESPONSE TO THE REALIGNMENT OF FORT BENNING,"
"12.607","SAI NOT AVAILABLE","VALLEY PARTNERSHIP JOINT DEVEL","99053","CHATTAHOOCHEE COUNTY","053","CHATTAHOOCHEE COUNTY","GEORGIA","319012613","Government codes: State government","funding adjustment to completed project","02","DOD-OFFICE OF THE SECRETARY OF DEFENSE","OEA9900810012   0000","-","10014","","0","-","10014","01/26/2010","09/01/2006","07/31/2010","project grant  (B)","action-by-action reporting","","","1399053","GEORGIA","CHATTAHOOCHEE COUNTY","COMMUNITY ECONOMIC ADJUSTMENT ASSISTANCE FOR ESTABLISHMENT, EXPANSION, REA","DOD-OFFICE OF THE SECRETARY OF DEFENSE","GEORGIA","BASE REALIGNMENT (RA) TO EVALUATE COMMUNITY NEEDS AND CAPABILITIES, AND PROVIDE ADJUSTMENT ASSISTANCE IN RESPONSE TO THE REALIGNMENT OF FORT BENNING,"
"12.607","SAI NOT AVAILABLE","ATHENS-CLARKE COUNTY, UNIFIED","03436","ATHENS-CLARKE COUNTY","059","CLARKE COUNTY","GEORGIA","306011731","Government codes: county government","funding adjustment to completed project","12","DOD-OFFICE OF THE SECRETARY OF DEFENSE","OEA9900910040   0000","-","640","","0","-","640","01/28/2010","04/01/2008","10/31/2010","project grant  (B)","action-by-action reporting","","","1303436","GEORGIA","ATHENS-CLARKE COUNTY","COMMUNITY ECONOMIC ADJUSTMENT ASSISTANCE FOR ESTABLISHMENT, EXPANSION, REA","DOD-OFFICE OF THE SECRETARY OF DEFENSE","GEORGIA","BASE CLOSURE (CL) TO EVALUATE COMMUNITY NEEDS AND CAPABILITIES, AND PROVIDE ASSISTANCE TO MITIGATE THE MAY 2005 DEPARTMENT OF DEFENSE "BASE CLOSURE A"
"12.607","SAI NOT AVAILABLE","MCPHERSON IMPLEMENTING LOCAL R","30928","FORT MCPHERSON","121","FULTON COUNTY","GEORGIA","303033207","Government codes: State government","new assistance action","90","DOD-OFFICE OF THE SECRETARY OF DEFENSE","HQ00051010029","","833195","","0","","833195","02/03/2010","01/01/2010","12/31/2010","project grant  (B)","action-by-action reporting","","","1330928","GEORGIA","FORT MCPHERSON","COMMUNITY ECONOMIC ADJUSTMENT ASSISTANCE FOR ESTABLISHMENT, EXPANSION, REA","DOD-OFFICE OF THE SECRETARY OF DEFENSE","GEORGIA","BASE CLOSURE (CL) TO EVALUATE COMMUNITY NEEDS AND CAPABILITIES, AND PROVIDE ASSISTANCE TO MITIGATE THE MAY 2005 DEPARTMENT OF DEFENSE "BASE CLOSURE A"
"12.607","SAI NOT AVAILABLE","MCPHERSON PLANNING LOCAL REDEV","99121","FULTON COUNTY","121","FULTON COUNTY","GEORGIA","303033207","Government codes: city or township government","continuation (funding in succeeding budget period which stemmed from prior agreement to fund - amount of the current action)","90","DOD-OFFICE OF THE SECRETARY OF DEFENSE","HQ00051010019   0005","","15775","","0","","15775","01/14/2010","01/01/2008","01/31/2010","project grant  (B)","action-by-action reporting","","","1399121","GEORGIA","FULTON COUNTY","COMMUNITY ECONOMIC ADJUSTMENT ASSISTANCE FOR ESTABLISHMENT, EXPANSION, REA","DOD-OFFICE OF THE SECRETARY OF DEFENSE","GEORGIA","BASE CLOSURE (CL) TO EVALUATE COMMUNITY NEEDS AND CAPABILITIES, AND PROVIDE ASSISTANCE TO MITIGATE THE MAY 2005 DEPARTMENT OF DEFENSE "BASE CLOSURE A"
"12.607","SAI NOT AVAILABLE","VILLAGE OF RANTOUL","62783","RANTOUL","019","CHAMPAIGN COUNTY","ILLINOIS","618662919","Government codes: city or township government","continuation (funding in succeeding budget period which stemmed from prior agreement to fund - amount of the current action)","15","DOD-OFFICE OF THE SECRETARY OF DEFENSE","HQ00051010091   0002","","2140","","0","","2140","02/04/2010","09/01/2009","03/31/2010","project grant  (B)","action-by-action reporting","","","1762783","ILLINOIS","RANTOUL","COMMUNITY ECONOMIC ADJUSTMENT ASSISTANCE FOR ESTABLISHMENT, EXPANSION, REA","DOD-OFFICE OF THE SECRETARY OF DEFENSE","ILLINOIS","BASE CLOSURE (CL) TO EVALUATE COMMUNITY NEEDS AND CAPABILITIES, AND PROVIDE ADJUSTMENT ASSISTANCE IN RESPONSE TO THE CLOSURE OF CHANUTE AIR FORCE BAS"
"12.607","SAI NOT AVAILABLE","NEWPORT CHEMICAL DEPOT REUSE A","53503","NEWPORT ARMY AMMUN.","165","VERMILLION COUNTY","INDIANA","478427160","Government codes: special district government","continuation (funding in succeeding budget period which stemmed from prior agreement to fund - amount of the current action)","08","DOD-OFFICE OF THE SECRETARY OF DEFENSE","HQ00051010027   0001","","26966","","0","","26966","01/19/2010","05/01/2008","01/31/2010","project grant  (B)","action-by-action reporting","","","1853503","INDIANA","NEWPORT ARMY AMMUN.","COMMUNITY ECONOMIC ADJUSTMENT ASSISTANCE FOR ESTABLISHMENT, EXPANSION, REA","DOD-OFFICE OF THE SECRETARY OF DEFENSE","INDIANA","BASE CLOSURE (CL) TO EVALUATE COMMUNITY NEEDS AND CAPABILITIES, AND PROVIDE ASSISTANCE TO MITIGATE THE MAY 2005 DEPARTMENT OF DEFENSE "BASE CLOSURE A"
"12.607","SAI NOT AVAILABLE","MANHATTAN, CITY OF","23975","FORT RILEY","061","GEARY COUNTY","KANSAS","665025460","Government codes: city or township government","new assistance action","90","DOD-OFFICE OF THE SECRETARY OF DEFENSE","HQ00051010032","","329400","","0","","329400","02/04/2010","02/01/2010","12/31/2010","project grant  (B)","action-by-action reporting","","","2023975","KANSAS","FORT RILEY","COMMUNITY ECONOMIC ADJUSTMENT ASSISTANCE FOR ESTABLISHMENT, EXPANSION, REA","DOD-OFFICE OF THE SECRETARY OF DEFENSE","KANSAS","BASE REALIGNMENT (RA) TO EVALUATE COMMUNITY NEEDS AND CAPABILITIES, AND PROVIDE ADJUSTMENT ASSISTANCE IN RESPONSE TO THE REALIGNMENT OF FORT RILEY, K"
"12.607","SAI NOT AVAILABLE","GREAT PLAINS DEVELOPMENT AUTHO","53450","OSWEGO","099","LABETTE COUNTY","KANSAS","673574952","Government codes: county government","new assistance action","02","DOD-OFFICE OF THE SECRETARY OF DEFENSE","HQ00051010036","","585931","","0","","585931","03/01/2010","01/01/2010","12/31/2010","project grant  (B)","action-by-action reporting","","","2053450","KANSAS","OSWEGO","COMMUNITY ECONOMIC ADJUSTMENT ASSISTANCE FOR ESTABLISHMENT, EXPANSION, REA","DOD-OFFICE OF THE SECRETARY OF DEFENSE","KANSAS","BASE CLOSURE (CL) TO EVALUATE COMMUNITY NEEDS AND CAPABILITIES, AND PROVIDE ASSISTANCE TO MITIGATE THE MAY 2005 DEPARTMENT OF DEFENSE "BASE CLOSURE A"
"12.607","SAI NOT AVAILABLE","ADJUTANT GENERAL'S DEPARTMENT,","12775","CHENEY","173","SEDGWICK COUNTY","KANSAS","666111220","Private: all other","funding adjustment to completed project","04","DOD-OFFICE OF THE SECRETARY OF DEFENSE","OEA9900810024   0000","-","8457","","0","-","8457","01/26/2010","01/01/2008","12/31/2010","project grant  (B)","action-by-action reporting","","","2012775","KANSAS","CHENEY","COMMUNITY ECONOMIC ADJUSTMENT ASSISTANCE FOR ESTABLISHMENT, EXPANSION, REA","DOD-OFFICE OF THE SECRETARY OF DEFENSE","KANSAS","BASE CLOSURE (CL) TO EVALUATE THE STATE OF KANSAS' NEEDS AND CAPABILITIES TO ASSIST LOCAL EFFORTS TO MITIGATE THE IMPACTS ARISING FROM THE SEPTEMBER"
"12.800","SAI NOT AVAILABLE","KANSAS STATE UNIVERSITY","44250","MANHATTAN","161","RILEY COUNTY","KANSAS","665061100","Government codes: State controlled institutions of higher education","revision (any change in Federal Government's financial obligation or contingent liability in existing assistance transaction - amount of the <u>change</u> in funding)","02","DOD-DEFENSE ADVANCED RESEARCH PROJECTS AGENCY","FA95500910451   0001","","49357","","0","","49357","01/13/2010","12/01/2009","11/30/2010","project grant  (B)","action-by-action reporting","","","2044250","KANSAS","MANHATTAN","AIR FORCE DEFENSE RESEARCH SCIENCES PROGRAM","DOD-DEFENSE ADVANCED RESEARCH PROJECTS AGENCY","KANSAS","TAS::97 0400::TAS "STRUCTURE AND OPTICAL PROPERTIES OF NOBLE METAL NANOPARTICLES""
"12.607","SAI NOT AVAILABLE","TOWN OF BRUNSWICK","08430","BRUNSWICK TOWN","005","CUMBERLAND COUNTY","MAINE","040111510","Government codes: city or township government","funding adjustment to completed project","90","DOD-OFFICE OF THE SECRETARY OF DEFENSE","OEA9900710051   0000","-","29848","","0","-","29848","03/12/2010","06/01/2005","03/31/2010","project grant  (B)","action-by-action reporting","","","2308430","MAINE","BRUNSWICK TOWN","COMMUNITY ECONOMIC ADJUSTMENT ASSISTANCE FOR ESTABLISHMENT, EXPANSION, REA","DOD-OFFICE OF THE SECRETARY OF DEFENSE","MAINE","BASE CLOSURE (CL) TO EVALUATE COMMUNITY NEEDS AND CAPABILITIES, AND PROVIDE ASSISTANCE TO MITIGATE THE RECOMMENDATIONS OF THE 2005 DEFENSE BASE CLOSU"
"12.607","SAI NOT AVAILABLE","TOWN OF TOPSHAM","76960","TOPSHAM TOWN","023","SAGADAHOC COUNTY","MAINE","040861468","Government codes: city or township government","funding adjustment to completed project","01","DOD-OFFICE OF THE SECRETARY OF DEFENSE","OEA9900710048   0000","-","27695","","0","-","27695","03/02/2010","06/01/2005","12/31/2010","project grant  (B)","action-by-action reporting","","","2376960","MAINE","TOPSHAM TOWN","COMMUNITY ECONOMIC ADJUSTMENT ASSISTANCE FOR ESTABLISHMENT, EXPANSION, REA","DOD-OFFICE OF THE SECRETARY OF DEFENSE","MAINE","BASE CLOSURE (CL) TO EVALUATE COMMUNITY NEEDS AND CAPABILITIES, AND PROVIDE ADJUSTMENT ASSISTANCE IN RESPONSE TO THE CLOSURE OF NAVAL AIR STATION (NA"
"12.607","SAI NOT AVAILABLE","COUNTY OF HARFORD","00175","ABERDEEN PROVING","025","HARFORD COUNTY","MARYLAND","210143820","Government codes: county government","new assistance action","90","DOD-OFFICE OF THE SECRETARY OF DEFENSE","HQ00051010025","","451287","","0","","451287","01/19/2010","01/01/2010","12/31/2010","project grant  (B)","action-by-action reporting","","","2400175","MARYLAND","ABERDEEN PROVING","COMMUNITY ECONOMIC ADJUSTMENT ASSISTANCE FOR ESTABLISHMENT, EXPANSION, REA","DOD-OFFICE OF THE SECRETARY OF DEFENSE","MARYLAND","BASE REALIGNMENT (RA) TO EVALUATE COMMUNITY NEEDS AND CAPABILITIES, AND PROVIDE ADJUSTMENT ASSISTANCE IN RESPONSE TO THE REALIGNMENT OF ABERDEEN PROV"
"12.607","SAI NOT AVAILABLE","MONTGOMERY, COUNTY OF","07125","BETHESDA","031","MONTGOMERY COUNTY","MARYLAND","208502540","Government codes: county government","funding adjustment to completed project","90","DOD-OFFICE OF THE SECRETARY OF DEFENSE","OEA9900810052   0000","-","5828","","0","-","5828","02/22/2010","04/01/2008","03/31/2010","project grant  (B)","action-by-action reporting","","","2407125","MARYLAND","BETHESDA","COMMUNITY ECONOMIC ADJUSTMENT ASSISTANCE FOR ESTABLISHMENT, EXPANSION, REA","DOD-OFFICE OF THE SECRETARY OF DEFENSE","MARYLAND","BASE REALIGNMENT (RA) TO EVALUATE COMMUNITY NEEDS AND CAPABILITIES, AND PROVIDE ADJUSTMENT ASSISTANCE IN RESPONSE TO THE REALIGNMENT OF NATIONAL NAVA"
"12.800","SAI NOT AVAILABLE","UNIVERSITY OF MARYLAND","18750","COLLEGE PARK","033","PRINCE GEORGE'S","MARYLAND","207425100","Government codes: State controlled institutions of higher education","continuation (funding in succeeding budget period which stemmed from prior agreement to fund - amount of the current action)","90","DOD-DEFENSE ADVANCED RESEARCH PROJECTS AGENCY","FA95500910037   0002","","433839","","0","","433839","03/15/2010","06/01/2010","05/31/2011","project grant  (B)","action-by-action reporting","","","2418750","MARYLAND","COLLEGE PARK","AIR FORCE DEFENSE RESEARCH SCIENCES PROGRAM","DOD-DEFENSE ADVANCED RESEARCH PROJECTS AGENCY","MARYLAND","TAS:57 3600::TAS "(DARPA) TOPOLOGICAL QUANTUM ENTANGLEMENT""
"12.910","SAI NOT AVAILABLE","UNIVERSITY OF MARYLAND","18750","COLLEGE PARK","033","PRINCE GEORGE'S","MARYLAND","207425100","Government codes: State controlled institutions of higher education","continuation (funding in succeeding budget period which stemmed from prior agreement to fund - amount of the current action)","90","DOD-DEFENSE ADVANCED RESEARCH PROJECTS AGENCY","W31P4Q0910013   0004","","567500","","0","","567500","02/10/2010","09/03/2009","05/31/2011","project grant  (B)","action-by-action reporting","","","2418750","MARYLAND","COLLEGE PARK","RESEARCH AND TECHNOLOGY DEVELOPMENT","DOD-DEFENSE ADVANCED RESEARCH PROJECTS AGENCY","MARYLAND","ZENO-BASED OPTO-ELECTRONICS USING SEMICONDUCTOR QUANTUM DOTS COUPLED TO NANOCAVITIES"
"12.800","SAI NOT AVAILABLE","TRUSTEES OF TUFTS COLLEGE INC","62535","SOMERVILLE","017","MIDDLESEX COUNTY","MASSACHUSETTS","021555811","Private: private higher education","revision (any change in Federal Government's financial obligation or contingent liability in existing assistance transaction - amount of the <u>change</u> in funding)","90","DOD-DEFENSE ADVANCED RESEARCH PROJECTS AGENCY","FA95500910513   0002","","400000","","0","","400000","03/27/2010","03/01/2010","11/30/2011","project grant  (B)","action-by-action reporting","","","2562535","MASSACHUSETTS","SOMERVILLE","AIR FORCE DEFENSE RESEARCH SCIENCES PROGRAM","DOD-DEFENSE ADVANCED RESEARCH PROJECTS AGENCY","MASSACHUSETTS","TAS::97 3600::TAS"DYNAMIC CAMOUFLAGE MATERIALS BASED ON SILK-REFLECTION CHIMERAS" DATED 04 JAN 09; THE RESEARCH TERMS AND CONDITIONS, 1 JULY 2008""
"12.910","SAI NOT AVAILABLE","MASSACHUSETTS INSTITUTE OF TEC","11000","CAMBRIDGE","017","MIDDLESEX COUNTY","MASSACHUSETTS","021394301","Government codes: State controlled institutions of higher education","continuation (funding in succeeding budget period which stemmed from prior agreement to fund - amount of the current action)","90","DOD-DEFENSE ADVANCED RESEARCH PROJECTS AGENCY","W31P4Q1010005   0001","","754377","","0","","754377","03/03/2010","03/03/2010","07/31/2011","project grant  (B)","action-by-action reporting","","","2511000","MASSACHUSETTS","CAMBRIDGE","RESEARCH AND TECHNOLOGY DEVELOPMENT","DOD-DEFENSE ADVANCED RESEARCH PROJECTS AGENCY","MASSACHUSETTS","CHIP-SCALE VACUUM MICRO PUMPS (CSVMP)"
"12.910","SAI NOT AVAILABLE","MASSACHUSETTS INSTITUTE OF TEC","11000","CAMBRIDGE","017","MIDDLESEX COUNTY","MASSACHUSETTS","021394301","Government codes: State controlled institutions of higher education","continuation (funding in succeeding budget period which stemmed from prior agreement to fund - amount of the current action)","90","DOD-DEFENSE ADVANCED RESEARCH PROJECTS AGENCY","W31P4Q0910007   0002","","301265","","0","","301265","03/03/2010","03/02/2009","09/30/2010","project grant  (B)","action-by-action reporting","","","2511000","MASSACHUSETTS","CAMBRIDGE","RESEARCH AND TECHNOLOGY DEVELOPMENT","DOD-DEFENSE ADVANCED RESEARCH PROJECTS AGENCY","MASSACHUSETTS","HIGH POWERED PUMPED HEAT EXCHANGER (PHUMP)"
"12.910","SAI NOT AVAILABLE","MASSACHUSETTS INSTITUTE OF TEC","11000","CAMBRIDGE","017","MIDDLESEX COUNTY","MASSACHUSETTS","021394301","Government codes: State controlled institutions of higher education","revision (any change in Federal Government's financial obligation or contingent liability in existing assistance transaction - amount of the <u>change</u> in funding)","90","DOD-DEFENSE ADVANCED RESEARCH PROJECTS AGENCY","FA87500620189   0005","","132791","","0","","132791","01/06/2010","07/05/2006","06/30/2010","cooperative agreement  (B)","action-by-action reporting","","","2511000","MASSACHUSETTS","CAMBRIDGE","RESEARCH AND TECHNOLOGY DEVELOPMENT","DOD-DEFENSE ADVANCED RESEARCH PROJECTS AGENCY","MASSACHUSETTS","COLLABORATIVE LEARNING FOR SECURITY & REPAIR IN APPLICATION COMMUNITIES"
"12.910","SAI NOT AVAILABLE","REGENTS OF THE UNIVERSITY OF M","03000","ANN ARBOR","161","WASHTENAW COUNTY","MICHIGAN","481091340","Government codes: State controlled institutions of higher education","continuation (funding in succeeding budget period which stemmed from prior agreement to fund - amount of the current action)","90","DOD-DEFENSE ADVANCED RESEARCH PROJECTS AGENCY","W31P4Q0910011   0001","","338287","","0","","338287","02/11/2010","08/24/2009","12/24/2010","project grant  (B)","action-by-action reporting","","","2603000","MICHIGAN","ANN ARBOR","RESEARCH AND TECHNOLOGY DEVELOPMENT","DOD-DEFENSE ADVANCED RESEARCH PROJECTS AGENCY","MICHIGAN","MULTI-STAGE VACUUM MICRO PUMP"
"12.607","SAI NOT AVAILABLE","JACKSON COUNTY PORT AUTHORITY","55360","PASCAGOULA","059","JACKSON COUNTY","MISSISSIPPI","395674212","Government codes: county government","funding adjustment to completed project","04","DOD-OFFICE OF THE SECRETARY OF DEFENSE","OEA9900710023   0000","-","59225","","0","-","59225","01/12/2010","10/01/2006","03/31/2010","project grant  (B)","action-by-action reporting","","","2855360","MISSISSIPPI","PASCAGOULA","COMMUNITY ECONOMIC ADJUSTMENT ASSISTANCE FOR ESTABLISHMENT, EXPANSION, REA","DOD-OFFICE OF THE SECRETARY OF DEFENSE","MISSISSIPPI","BASE CLOSURE (CL) TO EVALUATE COMMUNITY NEEDS AND CAPABILITIES, AND PROVIDE ADJUSTMENT ASSISTANCE TO RESPONSE TO THE CLOSURE OF NAVAL STATION (NS) PA"
"12.607","SAI NOT AVAILABLE","JACKSON COUNTY PORT AUTHORITY","55360","PASCAGOULA","059","JACKSON COUNTY","MISSISSIPPI","395674212","Government codes: county government","funding adjustment to completed project","04","DOD-OFFICE OF THE SECRETARY OF DEFENSE","OEA9900710085   0000","-","87139","","0","-","87139","01/12/2010","10/01/2006","03/31/2010","project grant  (B)","action-by-action reporting","","","2855360","MISSISSIPPI","PASCAGOULA","COMMUNITY ECONOMIC ADJUSTMENT ASSISTANCE FOR ESTABLISHMENT, EXPANSION, REA","DOD-OFFICE OF THE SECRETARY OF DEFENSE","MISSISSIPPI","BASE CLOSURE (CL) TO EVALUATE COMMUNITY NEEDS AND CAPABILITIES, AND PROVIDE ADJUSTMENT ASSISTANCE TO RESPONSE TO THE CLOSURE OF NAVAL STATION (NS) PA"
"12.610","SAI NOT AVAILABLE","OCEAN, COUNTY OF","73110","TOMS RIVER","029","OCEAN COUNTY","NEW JERSEY","087537605","Government codes: county government","funding adjustment to completed project","90","DOD-OFFICE OF THE SECRETARY OF DEFENSE","OEA9900710071   0000","-","76","","0","-","76","01/26/2010","04/01/2007","03/31/2010","project grant  (B)","action-by-action reporting","","","3473110","NEW JERSEY","TOMS RIVER","COMMUNITY ECONOMIC ADJUSTMENT PLANNING ASSISTANCE FOR JOINT LAND USE STUDI","DOD-OFFICE OF THE SECRETARY OF DEFENSE","NEW JERSEY","ENCROACHMENT (EN) TO PROVIDE FINANCIAL AND TECHNICAL ASSISTANCE TO BURLINGTON AND OCEAN COUNTIES AND MUNICIPAL AND GOVERNMENT JURISDICTIONS THEREIN."
"12.910","SAI NOT AVAILABLE","STEVENS INSTITUTE OF TECHNOLOG","32250","HOBOKEN","017","HUDSON COUNTY","NEW JERSEY","070305906","Private: private higher education","continuation (funding in succeeding budget period which stemmed from prior agreement to fund - amount of the current action)","90","DOD-DEFENSE ADVANCED RESEARCH PROJECTS AGENCY","HR00110910008   0002","","186400","","0","","186400","01/22/2010","12/19/2008","12/18/2010","project grant  (B)","action-by-action reporting","","","3432250","NEW JERSEY","HOBOKEN","RESEARCH AND TECHNOLOGY DEVELOPMENT","DOD-DEFENSE ADVANCED RESEARCH PROJECTS AGENCY","NEW JERSEY","QUANTUM ENTANGLEMENT SCIENCE AND TECHNOLOGY (QUEST) PROGRAM"
"12.910","SAI NOT AVAILABLE","SIEMENS CORPORATE RESEARCH, IN","60900","PRINCETON","021","MERCER COUNTY","NEW JERSEY","085406632","Private: profit organization","continuation (funding in succeeding budget period which stemmed from prior agreement to fund - amount of the current action)","90","DOD-DEFENSE ADVANCED RESEARCH PROJECTS AGENCY","HR00110830004   0009","-","242372","","0","-","242372","03/31/2010","08/12/2008","08/31/2010","other reimbursable, contingent, intangible, or indirect financial assistance","action-by-action reporting","","","3460900","NEW JERSEY","PRINCETON","RESEARCH AND TECHNOLOGY DEVELOPMENT","DOD-DEFENSE ADVANCED RESEARCH PROJECTS AGENCY","NEW JERSEY","DEEPER BLEEPER ACOUSTI COSGULSTION (DBAC)"
"12.910","SAI NOT AVAILABLE","RUTGERS, THE STATE UNIVERSITY","08515","BRUNSWICK ACRES","023","MIDDLESEX COUNTY","NEW JERSEY","089018552","Private: private higher education","continuation (funding in succeeding budget period which stemmed from prior agreement to fund - amount of the current action)","90","DOD-DEFENSE ADVANCED RESEARCH PROJECTS AGENCY","HR00110910009   0002","","434197","","0","","434197","01/22/2010","12/17/2008","12/16/2011","formula grant  (A)","action-by-action reporting","","","3408515","NEW JERSEY","BRUNSWICK ACRES","RESEARCH AND TECHNOLOGY DEVELOPMENT","DOD-DEFENSE ADVANCED RESEARCH PROJECTS AGENCY","NEW JERSEY","QUANTUM ENTANGLEMENT SCIENCE AND TECHNOLOGY (QUEST) PROGRAM"
"12.910","SAI NOT AVAILABLE","CELGENE CORPORATION","71430","SUMMIT","039","UNION COUNTY","NEW JERSEY","070590705","Private: profit organization","continuation (funding in succeeding budget period which stemmed from prior agreement to fund - amount of the current action)","90","DOD-DEFENSE ADVANCED RESEARCH PROJECTS AGENCY","FA95500810392   0004","","10061240","","0","","10061240","03/23/2010","04/01/2010","03/31/2011","project grant  (B)","action-by-action reporting","","","3471430","NEW JERSEY","SUMMIT","RESEARCH AND TECHNOLOGY DEVELOPMENT","DOD-DEFENSE ADVANCED RESEARCH PROJECTS AGENCY","NEW JERSEY","TAS::97 3600::TAS"LARGE-SCALE HUMAN PLACENTA PROGENITOR CELL-DERIVED ERYTHROCYTE PRODUCTION - CONTINUOUS RED BLOOD CELL PRODUCTION","
"12.607","SAI NOT AVAILABLE","CITY OF PORTALES","59260","PORTALES","041","ROOSEVELT COUNTY","NEW MEXICO","881305902","Government codes: city or township government","new assistance action","03","DOD-OFFICE OF THE SECRETARY OF DEFENSE","HQ00051010038","","119100","","0","","119100","03/02/2010","02/01/2010","01/31/2011","project grant  (B)","action-by-action reporting","","","3559260","NEW MEXICO","PORTALES","COMMUNITY ECONOMIC ADJUSTMENT ASSISTANCE FOR ESTABLISHMENT, EXPANSION, REA","DOD-OFFICE OF THE SECRETARY OF DEFENSE","NEW MEXICO","BASE REALIGNMENT (RA) TO EVALUATE COMMUNITY NEEDS AND CAPABILITIES, AND PROVIDE ADJUSTMENT ASSISTANCE IN RESPONSE TO THE REALIGNMENT OF CANNON AIR FO"
"12.610","SAI NOT AVAILABLE","COUNTY OF CURRY","10750","CANNON AFB","009","CURRY COUNTY","NEW MEXICO","881016664","Government codes: county government","continuation (funding in succeeding budget period which stemmed from prior agreement to fund - amount of the current action)","03","DOD-OFFICE OF THE SECRETARY OF DEFENSE","HQ00051010050   0002","","47601","","0","","47601","01/19/2010","04/01/2009","10/31/2010","project grant  (B)","action-by-action reporting","","","3510750","NEW MEXICO","CANNON AFB","COMMUNITY ECONOMIC ADJUSTMENT PLANNING ASSISTANCE FOR JOINT LAND USE STUDI","DOD-OFFICE OF THE SECRETARY OF DEFENSE","NEW MEXICO","ENCROACHMENT (EN) TO PROVIDE TECHNICAL AND FINANCIAL ASSISTANCE TO CANNON AIR FORCE BASE (AFB), CURRY COUNTY, ROOSEVELT COUNTY, CITY OF CLOVIS, CITY"
"12.607","SAI NOT AVAILABLE","COUNTY OF GRAND FORKS","32060","GRAND FORKS","035","GRAND FORKS COUNTY","NORTH DAKOTA","582014715","Government codes: county government","new assistance action","00","DOD-OFFICE OF THE SECRETARY OF DEFENSE","HQ00051010024","","144476","","0","","144476","01/14/2010","01/01/2010","12/31/2010","project grant  (B)","action-by-action reporting","","","3832060","NORTH DAKOTA","GRAND FORKS","COMMUNITY ECONOMIC ADJUSTMENT ASSISTANCE FOR ESTABLISHMENT, EXPANSION, REA","DOD-OFFICE OF THE SECRETARY OF DEFENSE","NORTH DAKOTA","BASE REALIGNMENT (RA) TO EVALUATE COMMUNITY NEEDS AND CAPABILITIES, AND PROVIDE ASSISTANCE TO MITIGATE THE MAY 2005 DEPARTMENT OF DEFENSE "BASE CLOSU"
"12.607","SAI NOT AVAILABLE","COUNTY OF GRAND FORKS","32060","GRAND FORKS","035","GRAND FORKS COUNTY","NORTH DAKOTA","582014715","Government codes: county government","continuation (funding in succeeding budget period which stemmed from prior agreement to fund - amount of the current action)","00","DOD-OFFICE OF THE SECRETARY OF DEFENSE","HQ00051010024   0001","","24750","","0","","24750","03/02/2010","01/01/2010","12/31/2010","project grant  (B)","action-by-action reporting","","","3832060","NORTH DAKOTA","GRAND FORKS","COMMUNITY ECONOMIC ADJUSTMENT ASSISTANCE FOR ESTABLISHMENT, EXPANSION, REA","DOD-OFFICE OF THE SECRETARY OF DEFENSE","NORTH DAKOTA","BASE REALIGNMENT (RA) TO EVALUATE COMMUNITY NEEDS AND CAPABILITIES, AND PROVIDE ASSISTANCE TO MITIGATE THE MAY 2005 DEPARTMENT OF DEFENSE "BASE CLOSU"
"12.610","SAI NOT AVAILABLE","ASSOCIATION OF CENTRAL OKLAHOM","73800","TINKER AFB","109","OKLAHOMA COUNTY","OKLAHOMA","731042400","Government codes: special district government","funding adjustment to completed project","90","DOD-OFFICE OF THE SECRETARY OF DEFENSE","OEA9900810083   0000","-","304","","0","-","304","03/03/2010","05/01/2007","08/31/2010","project grant  (B)","action-by-action reporting","","","4073800","OKLAHOMA","TINKER AFB","COMMUNITY ECONOMIC ADJUSTMENT PLANNING ASSISTANCE FOR JOINT LAND USE STUDI","DOD-OFFICE OF THE SECRETARY OF DEFENSE","OKLAHOMA","ENCROACHMENT (EN) TO PROVIDE TECHNICAL AND FINANCIAL ASSISTANCE TO TINKER AIR FORCE BASE (AFB), MIDWEST CITY, DEL CITY, OKLAHOMA CITY, SPENCER, NICOM"
"12.607","SAI NOT AVAILABLE","READING, CITY OF","63624","READING","011","BERKS COUNTY","PENNSYLVANIA","196013690","Government codes: city or township government","continuation (funding in succeeding budget period which stemmed from prior agreement to fund - amount of the current action)","90","DOD-OFFICE OF THE SECRETARY OF DEFENSE","HQ00051010030   0001","","25000","","0","","25000","02/03/2010","06/01/2008","03/31/2010","project grant  (B)","action-by-action reporting","","","4263624","PENNSYLVANIA","READING","COMMUNITY ECONOMIC ADJUSTMENT ASSISTANCE FOR ESTABLISHMENT, EXPANSION, REA","DOD-OFFICE OF THE SECRETARY OF DEFENSE","PENNSYLVANIA","BASE CLOSURE (CL) TO EVALUATE COMMUNITY NEEDS AND CAPABILITIES, AND PROVIDE ADJUSTMENT ASSISTANCE IN RESPONSE TO THE CLOSURE OF THE NAVY MARINE CORPS"
"12.607","SAI NOT AVAILABLE","SAN ANTONIO, CITY OF","10624","BROOKS AFB","029","BEXAR COUNTY","TEXAS","782351016","Government codes: State government","new assistance action","90","DOD-OFFICE OF THE SECRETARY OF DEFENSE","HQ00051010037","","424258","","0","","424258","03/02/2010","01/01/2009","06/30/2010","project grant  (B)","action-by-action reporting","","","4810624","TEXAS","BROOKS AFB","COMMUNITY ECONOMIC ADJUSTMENT ASSISTANCE FOR ESTABLISHMENT, EXPANSION, REA","DOD-OFFICE OF THE SECRETARY OF DEFENSE","TEXAS","BASE CLOSURE (CL) TO EVALUATE COMMUNITY NEEDS AND CAPABILITIES, AND PROVIDE ADJUSTMENT ASSISTANCE IN RESPONSE TO THE REALIGNMENT OF BROOKS CITY-BASE"
"12.607","SAI NOT AVAILABLE","SAN ANTONIO, CITY OF","65000","SAN ANTONIO","029","BEXAR COUNTY","TEXAS","782833966","Government codes: city or township government","continuation (funding in succeeding budget period which stemmed from prior agreement to fund - amount of the current action)","90","DOD-OFFICE OF THE SECRETARY OF DEFENSE","HQ00051010038   0002","","170550","","0","","170550","01/14/2010","01/01/2009","09/30/2010","project grant  (B)","action-by-action reporting","","","4865000","TEXAS","SAN ANTONIO","COMMUNITY ECONOMIC ADJUSTMENT ASSISTANCE FOR ESTABLISHMENT, EXPANSION, REA","DOD-OFFICE OF THE SECRETARY OF DEFENSE","TEXAS","BASE REALIGNMENT (RA) TO EVALUATE COMMUNITY NEEDS AND CAPABILITIES, AND PROVIDE ADJUSTMENT ASSISTANCE IN RESPONSE TO THE REALIGNMENT OF FORT SAM HOUS"
"12.607","SAI NOT AVAILABLE","CITY OF EL PASO","24000","EL PASO","141","EL PASO COUNTY","TEXAS","799011153","Government codes: city or township government","new assistance action","90","DOD-OFFICE OF THE SECRETARY OF DEFENSE","HQ00051010041","","223840","","0","","223840","03/12/2010","02/01/2010","01/31/2011","project grant  (B)","action-by-action reporting","","","4824000","TEXAS","EL PASO","COMMUNITY ECONOMIC ADJUSTMENT ASSISTANCE FOR ESTABLISHMENT, EXPANSION, REA","DOD-OFFICE OF THE SECRETARY OF DEFENSE","TEXAS","BASE REALIGNMENT (RA) TO EVALUATE COMMUNITY NEEDS AND CAPABILITIES, AND PROVIDE ADJUSTMENT ASSISTANCE IN RESPONSE TO THE REALIGNMENT OF FORT BLISS, T"
"12.607","SAI NOT AVAILABLE","CITY OF INGLESIDE","65612","SAN PATRICIO","355","NUECES COUNTY","TEXAS","783625801","Government codes: city or township government","continuation (funding in succeeding budget period which stemmed from prior agreement to fund - amount of the current action)","90","DOD-OFFICE OF THE SECRETARY OF DEFENSE","HQ00051010033   0005","","202199","","0","","202199","02/04/2010","10/01/2007","07/31/2010","project grant  (B)","action-by-action reporting","","","4865612","TEXAS","SAN PATRICIO","COMMUNITY ECONOMIC ADJUSTMENT ASSISTANCE FOR ESTABLISHMENT, EXPANSION, REA","DOD-OFFICE OF THE SECRETARY OF DEFENSE","TEXAS","BASE CLOSURE (CL) TO EVALUATE COMMUNITY NEEDS AND CAPABILITIES, AND PROVIDE ADJUSTMENT ASSISTANCE IN RESPONSE TO THE CLOSURE OF NAVAL STATION (NS) IN"
"12.910","SAI NOT AVAILABLE","TEXAS ENGINEERING EXPERIMENT S","15976","COLLEGE STATION","041","BRAZOS COUNTY","TEXAS","778430001","Government codes: State controlled institutions of higher education","continuation (funding in succeeding budget period which stemmed from prior agreement to fund - amount of the current action)","31","DOD-DEFENSE ADVANCED RESEARCH PROJECTS AGENCY","HR00110910042   0001","","257488","","0","","257488","02/02/2010","04/30/2009","04/29/2011","project grant  (B)","action-by-action reporting","","","4815976","TEXAS","COLLEGE STATION","RESEARCH AND TECHNOLOGY DEVELOPMENT","DOD-DEFENSE ADVANCED RESEARCH PROJECTS AGENCY","TEXAS","THE CS STUDY GROUP PROGRAM"
"12.610","SAI NOT AVAILABLE","COUNTY OF SPOKANE","67000","SPOKANE","063","SPOKANE COUNTY","WASHINGTON","992602052","Government codes: county government","funding adjustment to completed project","05","DOD-OFFICE OF THE SECRETARY OF DEFENSE","OEA9900910041   0000","-","41607","","0","-","41607","03/17/2010","08/01/2007","11/30/2010","project grant  (B)","action-by-action reporting","","","5367000","WASHINGTON","SPOKANE","COMMUNITY ECONOMIC ADJUSTMENT PLANNING ASSISTANCE FOR JOINT LAND USE STUDI","DOD-OFFICE OF THE SECRETARY OF DEFENSE","WASHINGTON","ENCROACHMENT (EN) TO PROVIDE TECHNICAL AND POSSIBLE FINANCIAL ASSISTANCE TO FAIRCHILD AIR FORCE BASE (AFB), SPOKANE COUNTY, WA, AND ADJACENT COMMUNIT"
"12.800","SAI NOT AVAILABLE","UNIVERSITY OF WASHINGTON","63000","SEATTLE","033","KING COUNTY","WASHINGTON","981056613","Government codes: State controlled institutions of higher education","continuation (funding in succeeding budget period which stemmed from prior agreement to fund - amount of the current action)","90","DOD-DEFENSE ADVANCED RESEARCH PROJECTS AGENCY","FA95500910044   0002","","378738","","0","","378738","03/16/2010","06/01/2010","05/31/2011","project grant  (B)","action-by-action reporting","","","5363000","WASHINGTON","SEATTLE","AIR FORCE DEFENSE RESEARCH SCIENCES PROGRAM","DOD-DEFENSE ADVANCED RESEARCH PROJECTS AGENCY","WASHINGTON","TAS::57 3600::TAS "(DARPA) QUEST: ROBUST QUANTUM GADGETS" (THE GRANTEE'S TECHNICAL PROPOSAL); THE RESEARCH TERMS AND CONDITIONS, 1 JULY 2008"
"12.910","SAI NOT AVAILABLE","UNIVERSITY OF WASHINGTON","63000","SEATTLE","033","KING COUNTY","WASHINGTON","981056613","Government codes: State controlled institutions of higher education","continuation (funding in succeeding budget period which stemmed from prior agreement to fund - amount of the current action)","90","DOD-DEFENSE ADVANCED RESEARCH PROJECTS AGENCY","HR00110810085   0003","","230000","","0","","230000","01/14/2010","07/11/2008","08/13/2010","project grant  (B)","action-by-action reporting","","","5363000","WASHINGTON","SEATTLE","RESEARCH AND TECHNOLOGY DEVELOPMENT","DOD-DEFENSE ADVANCED RESEARCH PROJECTS AGENCY","WASHINGTON","NEW TECHNOLOGY  FOR INSIDE-OUT DESIGN OF NOVEL ENYME CATAYSTS"
"12.607","SAI NOT AVAILABLE","REDEVELOPMENT AUTHORITY OF THE","56300","NEWARK","105","ROCK COUNTY","WISCONSIN","532023617","Government codes: city or township government","funding adjustment to completed project","90","DOD-OFFICE OF THE SECRETARY OF DEFENSE","OEA9900810085   0000","-","6457","","0","-","6457","03/02/2010","06/01/2008","12/31/2010","project grant  (B)","action-by-action reporting","","","5556300","WISCONSIN","NEWARK","COMMUNITY ECONOMIC ADJUSTMENT ASSISTANCE FOR ESTABLISHMENT, EXPANSION, REA","DOD-OFFICE OF THE SECRETARY OF DEFENSE","WISCONSIN","BASE CLOSURE (CL) TO EVALUATE COMMUNITY NEEDS AND CAPABILITIES, AND PROVIDE ADJUSTMENT ASSISTANCE IN RESPONSE TO THE CLOSURE OF GENERAL MITCHELL AIR"
"12.800","SAI NOT AVAILABLE","UNIVERSITY OF WISCONSIN SYSTEM","48000","MADISON","025","DANE COUNTY","WISCONSIN","537061411","Government codes: State controlled institutions of higher education","revision (any change in Federal Government's financial obligation or contingent liability in existing assistance transaction - amount of the <u>change</u> in funding)","02","DOD-DEFENSE ADVANCED RESEARCH PROJECTS AGENCY","FA95500910033   0002","","83199","","0","","83199","03/17/2010","06/01/2010","11/30/2010","project grant  (B)","action-by-action reporting","","","5548000","WISCONSIN","MADISON","AIR FORCE DEFENSE RESEARCH SCIENCES PROGRAM","DOD-DEFENSE ADVANCED RESEARCH PROJECTS AGENCY","WISCONSIN","TAS::97 0400::TAS "(DARPA) A NEW METHOD OF COMPUTATION OF DECOHERENCE IN QUANTUM COMPUTERS IN THE PRESENCE OF BROAD-SPECTRUM NOISE""
"12.750","SAI NOT AVAILABLE","HENRY M JACKSON FOUNDATION FOR","07125","BETHESDA","031","MONTGOMERY COUNTY","MARYLAND","208521402","Government codes: State controlled institutions of higher education","new assistance action","90","DEFENSE, DEPARTMENT OF (EXCEPT MILITARY DEPARTMENTS)","HU00011010001","","229240","","0","","229240","03/29/2010","03/31/2010","03/31/2011","block grant  (A)","action-by-action reporting","","","2407125","MARYLAND","BETHESDA","DOD MEDICAL RESEARCH, CONSULTATION AND EDUCATION PROGRAMS","DEFENSE, DEPARTMENT OF (EXCEPT MILITARY DEPARTMENTS)","MARYLAND","IMPACT OF PRIMARY BLAST ON SPATIAL MEMORY IN A RAT MODEL OF BLAST RELATED TRAUMATIC BRAIN INJURY"
"12.420","SAI NOT AVAILABLE","FISH AND GAME, ALASKA DEPARTME","56320","NUIQSUT","185","NORTH SLOPE (BOROUGH)","ALASKA","998011856","Nonprofit agencies: other nonprofit","new assistance action","00","ARMY,DEPT. OF THE (EXC. CORPS OF ENGINEERS CIVIL PROGRAM)","W81XWH082017906","","47040","","0","","47040","03/01/2010","03/01/2010","02/28/2011","cooperative agreement  (B)","action-by-action reporting","","","0256320","ALASKA","NUIQSUT","MILITARY MEDICAL RESEARCH AND DEVELOPMENT","ARMY,DEPT. OF THE (EXC. CORPS OF ENGINEERS CIVIL PROGRAM)","ALASKA","SPT DOD DOCUMENT THE SPECIES COMPOSITION, NUMBER AND TIMING OF SUMMER 2010 OUTMIGRATION OF ELMENDORF AF BASE'S COOK INLET BELUGA WHALE AND SALMON"
"12.750","SAI NOT AVAILABLE","HENRY M JACKSON FOUNDATION FOR","07125","BETHESDA","031","MONTGOMERY COUNTY","MARYLAND","208521402","Government codes: State controlled institutions of higher education","continuation (funding in succeeding budget period which stemmed from prior agreement to fund - amount of the current action)","90","DEFENSE, DEPARTMENT OF (EXCEPT MILITARY DEPARTMENTS)","HU00010810003","","61571","","0","","61571","01/05/2010","09/01/2008","06/30/2010","project grant  (B)","action-by-action reporting","","","2407125","MARYLAND","BETHESDA","DOD MEDICAL RESEARCH, CONSULTATION AND EDUCATION PROGRAMS","DEFENSE, DEPARTMENT OF (EXCEPT MILITARY DEPARTMENTS)","MARYLAND","UNDERSEA MEDICINE RESEARCH STRATEGIES FOR DECOMPRESSION SICKNESS AND OXYGEN TOXICITY"
"12.750","SAI NOT AVAILABLE","HENRY M JACKSON FOUNDATION FOR","07125","BETHESDA","031","MONTGOMERY COUNTY","MARYLAND","208521402","Government codes: State controlled institutions of higher education","continuation (funding in succeeding budget period which stemmed from prior agreement to fund - amount of the current action)","90","DEFENSE, DEPARTMENT OF (EXCEPT MILITARY DEPARTMENTS)","HU00010810001","","239877","","0","","239877","01/05/2010","06/01/2008","06/30/2011","project grant  (B)","action-by-action reporting","","","2407125","MARYLAND","BETHESDA","DOD MEDICAL RESEARCH, CONSULTATION AND EDUCATION PROGRAMS","DEFENSE, DEPARTMENT OF (EXCEPT MILITARY DEPARTMENTS)","MARYLAND","MEDICAL RESEARCH FOR BLAST INJURIES"
"12.750","SAI NOT AVAILABLE","HENRY M JACKSON FOUNDATION FOR","07125","BETHESDA","031","MONTGOMERY COUNTY","MARYLAND","208521402","Government codes: State controlled institutions of higher education","continuation (funding in succeeding budget period which stemmed from prior agreement to fund - amount of the current action)","90","DEFENSE, DEPARTMENT OF (EXCEPT MILITARY DEPARTMENTS)","HU00010810001","","107283","","0","","107283","03/22/2010","06/01/2008","06/30/2011","project grant  (B)","action-by-action reporting","","","2407125","MARYLAND","BETHESDA","DOD MEDICAL RESEARCH, CONSULTATION AND EDUCATION PROGRAMS","DEFENSE, DEPARTMENT OF (EXCEPT MILITARY DEPARTMENTS)","MARYLAND","MEDICAL RESEARCH FOR BLAST INJURIES"
"12.750","SAI NOT AVAILABLE","HENRY M JACKSON FOUNDATION FOR","07125","BETHESDA","031","MONTGOMERY COUNTY","MARYLAND","208521402","Government codes: State controlled institutions of higher education","continuation (funding in succeeding budget period which stemmed from prior agreement to fund - amount of the current action)","90","DEFENSE, DEPARTMENT OF (EXCEPT MILITARY DEPARTMENTS)","HU00010810003","","375597","","0","","375597","03/24/2010","09/01/2008","06/30/2010","project grant  (B)","action-by-action reporting","","","2407125","MARYLAND","BETHESDA","DOD MEDICAL RESEARCH, CONSULTATION AND EDUCATION PROGRAMS","DEFENSE, DEPARTMENT OF (EXCEPT MILITARY DEPARTMENTS)","MARYLAND","UNDERSEA MEDICINE RESEARCH STRATEGIES FOR DECOMPRESSION SICKNESS AND OXYGEN TOXICITY"
"12.902","SAI NOT AVAILABLE","CAPITOL COLLEGE","45900","LAUREL","033","PRINCE GEORGE'S","MARYLAND","207089759","Government codes: State controlled institutions of higher education","revision (any change in Federal Government's financial obligation or contingent liability in existing assistance transaction - amount of the <u>change</u> in funding)","90","DEFENSE, DEPARTMENT OF (EXCEPT MILITARY DEPARTMENTS)","H982300910372   0002","","12044","","0","","12044","03/27/2010","03/27/2010","03/22/2011","block grant  (A)","action-by-action reporting","","","2445900","MARYLAND","LAUREL","INFORMATION SECURITY GRANT PROGRAM","DEFENSE, DEPARTMENT OF (EXCEPT MILITARY DEPARTMENTS)","MARYLAND","DOD IASP SCHOLARSHIP PROGRAM"
